Workbook
Name _Fill: #REF!
Name _Fill: #REF!
Name _g20616: #REF!
Name _g20616: #REF!
Name a: #REF!
Name a: #REF!
Name AccessDatabase: "C:\My Documents\99\FAFORM99.mdb"
Name Bust: #REF!
Name Bust: #REF!
Name Continue: #REF!
Name Continue: #REF!
Name Document_array: {"HM PST Agt 2005.xls"}
Name Documents_array: #REF!
Name Documents_array: #REF!
Name EX: 'Data Down'!#REF!
Name h: #REF!
Name h: #REF!
Name Hello: #REF!
Name Hello: #REF!
Name m: #REF!
Name m: #REF!
Name MM: #REF!
Name MM: #REF!
Name N: #REF!
Name n: #REF!
Name n: #REF!
Name OT: 'Data Down'!$S:$S
Name Print_Area_MI: #REF!
Name Print_Area_MI: #REF!
Name Print_Titles_MI: #REF!
Name Print_Titles_MI: #REF!
Name TaxTV: 10%
Name TaxXL: 5%
Name Test: #REF!
Name Test: #REF!
Name Z_DC2F2F0B_6687_4232_9497_BBA352865051_.wvu.Cols: HM_Unit!$P:$AK

Sheet FOR DAILY
A1: ID UNIT | B1: AWAL BULAN | C1: HM RUNNING | D1: BD | E1: RUNNING
A2: DT TATA 035 | B2: =VLOOKUP(A2,HM_Unit!$A$2:$D$107,4,0) -> 14778 | C2: =VLOOKUP(A2,'Summary KPI'!$B$10:$E$112,4,0) -> 14781 | D2: =SUMIF('Data Down'!$D:$D,A2,'Data Down'!N:N) -> 7.8500126 | E2: =C2-B2 -> 3
A3: DT TATA 064 | B3: =VLOOKUP(A3,HM_Unit!$A$2:$D$107,4,0) -> 16204 | C3: =VLOOKUP(A3,'Summary KPI'!$B$10:$E$112,4,0) -> 16316 | D3: =SUMIF('Data Down'!$D:$D,A3,'Data Down'!N:N) -> 5.2666751 | E3: =C3-B3 -> 112
A4: DT TATA 070 | B4: =VLOOKUP(A4,HM_Unit!$A$2:$D$107,4,0) -> 13239 | C4: =VLOOKUP(A4,'Summary KPI'!$B$10:$E$112,4,0) -> 13404 | D4: =SUMIF('Data Down'!$D:$D,A4,'Data Down'!N:N) -> 17.583361 | E4: =C4-B4 -> 165
A5: DT TATA 078 | B5: =VLOOKUP(A5,HM_Unit!$A$2:$D$107,4,0) -> 13225 | C5: =VLOOKUP(A5,'Summary KPI'!$B$10:$E$112,4,0) -> 13385 | D5: =SUMIF('Data Down'!$D:$D,A5,'Data Down'!N:N) -> 5.9500095 | E5: =C5-B5 -> 160
A6: DT TATA 085 | B6: =VLOOKUP(A6,HM_Unit!$A$2:$D$107,4,0) -> 15461 | C6: =VLOOKUP(A6,'Summary KPI'!$B$10:$E$112,4,0) -> 15612 | D6: =SUMIF('Data Down'!$D:$D,A6,'Data Down'!N:N) -> 4.1333399 | E6: =C6-B6 -> 151
A7: DT TATA 086 | B7: =VLOOKUP(A7,HM_Unit!$A$2:$D$107,4,0) -> 15411 | C7: =VLOOKUP(A7,'Summary KPI'!$B$10:$E$112,4,0) -> 15433 | D7: =SUMIF('Data Down'!$D:$D,A7,'Data Down'!N:N) -> 6.9500111 | E7: =C7-B7 -> 22
A8: DT TATA 088 | B8: =VLOOKUP(A8,HM_Unit!$A$2:$D$107,4,0) -> 15743 | C8: =VLOOKUP(A8,'Summary KPI'!$B$10:$E$112,4,0) -> 15797 | D8: =SUMIF('Data Down'!$D:$D,A8,'Data Down'!N:N) -> 13.416688 | E8: =C8-B8 -> 54
A9: DT MERCY 037 | B9: =VLOOKUP(A9,HM_Unit!$A$2:$D$107,4,0) -> 15606 | C9: =VLOOKUP(A9,'Summary KPI'!$B$10:$E$112,4,0) -> 15945 | D9: =SUMIF('Data Down'!$D:$D,A9,'Data Down'!N:N) -> 163.06693 | E9: =C9-B9 -> 339
A10: DT MERCY 038 | B10: =VLOOKUP(A10,HM_Unit!$A$2:$D$107,4,0) -> 18765 | C10: =VLOOKUP(A10,'Summary KPI'!$B$10:$E$112,4,0) -> 19158 | D10: =SUMIF('Data Down'!$D:$D,A10,'Data Down'!N:N) -> 55.866756 | E10: =C10-B10 -> 393
A11: DT MERCY 039 | B11: =VLOOKUP(A11,HM_Unit!$A$2:$D$107,4,0) -> 18054 | C11: =VLOOKUP(A11,'Summary KPI'!$B$10:$E$112,4,0) -> 18302 | D11: =SUMIF('Data Down'!$D:$D,A11,'Data Down'!N:N) -> 260.33375 | E11: =C11-B11 -> 248
A12: DT MERCY 040 | B12: =VLOOKUP(A12,HM_Unit!$A$2:$D$107,4,0) -> 17501 | C12: =VLOOKUP(A12,'Summary KPI'!$B$10:$E$112,4,0) -> 17890 | D12: =SUMIF('Data Down'!$D:$D,A12,'Data Down'!N:N) -> 60.700097 | E12: =C12-B12 -> 389
A13: DT MERCY 041 | B13: =VLOOKUP(A13,HM_Unit!$A$2:$D$107,4,0) -> 17922 | C13: =VLOOKUP(A13,'Summary KPI'!$B$10:$E$112,4,0) -> 18308 | D13: =SUMIF('Data Down'!$D:$D,A13,'Data Down'!N:N) -> 34.916723 | E13: =C13-B13 -> 386
... A104: DT 52 KPB | B104: =VLOOKUP(A104,HM_Unit!$A$2:$D$107,4,0) -> 17347 | C104: =VLOOKUP(A104,'Summary KPI'!$B$10:$E$112,4,0) -> 17780 | D104: =SUMIF('Data Down'!$D:$D,A104,'Data Down'!N:N) -> 15.183358 | E104: =C104-B104 -> 433

Sheet Summary KPI
O1: TRUE
B4: 1 | C4: 2 | D4: 3 | E4: 4 | F4: 5 | G4: 6 | H4: 7 | I4: 8 | J4: 9 | K4: 10 | L4: 11 | M4: 12 | N4: 13 | O4: 14 | P4: 15 | Q4: 16 | R4: 17 | S4: 18 | T4: 19 | U4: 20 | V4: 21 | W4: 22 | X4: 23 | Y4: 24 | Z4: 25 | AA4: 26 | AB4: 27 | AC4: 28 | AD4: 29 | AE4: 30 | AF4: 31 | AG4: 32 | AH4: 33 | AI4: 34 | AJ4: 35 | AK4: 36 | AL4: 37 | AM4: 38 | AN4: 39 | AO4: 40
D5: start | E5: 46113 | F5: end | G5: 46142 | H5: =(G5-E5)+1 -> 30 | I5: =G5 -> 46142 | J5: =(I5-E5)+1 -> 30
A6: No. | B6: Unit Code | C6: Unit Model | D6: Hour Meter Reading | F6: Work | G6: B/Down | H6: Accident | I6: Wet | J6: Stand By | K6: MTD | L6: MOHH | M6: Stoppage Frequencies | Q6: Stoppage Duration | U6: Delay Type | AD6: Availability & Utillity | AH6: MTBS | AI6: MTBF | AJ6: MTTR | AK6: D (%) | AL6: Sched. Event (%) | AM6: Unschd. Event (%) | AN6: Sched. Dur (%) | AO6: Unschd. Dur (%)
U7: WP | V7: WL | W7: CW | X7: WT | Y7: WN | Z7: WR | AA7: OSR | AB7: ACC | AC7: WA | AD7: PA | AE7: UA | AF7: MA | AG7: EU
D8: Start | E8: Finish | M8: D | N8: P | O8: UM | P8: OM | Q8: D | R8: P | S8: UM | T8: OM | U8: Wait Part | V8: Wait Labour | W8: Claim warranty | X8: Wait Tool | Y8: Work Normal | Z8: Waiting Rain | AA8: Waiting Out Site Repair | AB8: Waiting Accident | AC8: Waiting Access | AQ8: bd | AR8: FRE
A9: =A6 -> No. | B9: =B6 -> Unit Code | C9: Unit Model | D9: Hour Meter Reading | E9: =E6 -> 0 | F9: =F6 -> Work | G9: =G6 -> B/Down | H9: =H6 -> Accident | I9: Wet | J9: =J6 -> Stand By | L9: =L6 -> MOHH | U9: =U6 -> Delay Type | V9: =V6 -> 0 | W9: =X6 -> 0 | X9: =Y6 -> 0 | Y9: =Z6 -> 0 | Z9: =AB6 -> 0 | AA9: =#REF! -> #REF! | AB9: =#REF! -> #REF! | AC9: =#REF! -> #REF! | AD9: PA | AE9: PU | AF9: MA | AG9: PU | AH9: =AH6 -> MTBS | AI9: =AI6 -> MTBF | AJ9: =AJ6 -> MTTR | AK9: =AK6 -> D (%) | AL9: =AL6 -> Sched. Event (%) | AM9: =AM6 -> Unschd. Event (%) | AN9: =AN6 -> Sched. Dur (%) | AO9: =AO6 -> Unschd. Dur (%)
A10: 1 | B10: DT TATA 035 | C10: =VLOOKUP(B10,Sort!B:C,2,FALSE) -> Prima LX 2528 | D10: {=INDEX(HM_Unit!D:D,MATCH('Summary KPI'!B10,HM_Unit!A:A,0))} -> 14778 | E10: {=INDEX(HM_Unit!CD:CD,MATCH('Summary KPI'!B10,HM_Unit!A:A,0))} -> 14781 | F10: =E10-D10 -> 3 | G10: =SUM(R10:S10) -> 7.8500126 | H10: =Q10 -> 0 | I10: =+Z10 -> 0 | J10: =L10-F10-I10-G10-H10 -> 709.14999 | K10: =$J$5*24 -> 720 | L10: =$H$5*24 -> 720 | M10: =SUMIFS('Data Down'!U:U,'Data Down'!D:D,'Summary KPI'!B10,'Data Down'!Q:Q,'Summary KPI'!$M$8,'Data Down'!$C:$C,"<="&'Summary KPI'!$G$5,'Data Down'!$C:$C,">="&'Summary KPI'!$E$5) -> 0 | N10: =SUMIFS('Data Down'!U:U,'Data Down'!D:D,'Summary KPI'!B10,'Data Down'!Q:Q,'Summary KPI'!$N$8,'Data Down'!$C:$C,"<="&'Summary KPI'!$G$5,'Data Down'!$C:$C,">="&'Summary KPI'!$E$5) -> 1 | O10: =SUMIFS('Data Down'!U:U,'Data Down'!D:D,'Summary KPI'!B10,'Data Down'!Q:Q,'Summary KPI'!$O$8,'Data Down'!$C:$C,"<="&'Summary KPI'!$G$5,'Data Down'!$C:$C,">="&'Summary KPI'!$E$5) -> 2 | P10: =SUMIFS('Data Down'!U:U,'Data Down'!D:D,'Summary KPI'!B10,'Data Down'!Q:Q,'Summary KPI'!$P$8,'Data Down'!$C:$C,"<="&'Summary KPI'!$G$5,'Data Down'!$C:$C,">="&'Summary KPI'!$E$5) -> 0 | Q10: =SUMIFS('Data Down'!N:N,'Data Down'!$D:$D,'Summary KPI'!$B10,'Data Down'!$Q:$Q,'Summary KPI'!$Q$8,'Data Down'!$C:$C,"<="&'Summary KPI'!$G$5,'Data Down'!$C:$C,">="&'Summary KPI'!$E$5) -> 0 | R10: =SUMIFS('Data Down'!N:N,'Data Down'!D:D,'Summary KPI'!B10,'Data Down'!Q:Q,'Summary KPI'!$R$8,'Data Down'!$C:$C,"<="&'Summary KPI'!$G$5,'Data Down'!$C:$C,">="&'Summary KPI'!$E$5) -> 0.91666813 | S10: =SUMIFS('Data Down'!N:N,'Data Down'!D:D,'Summary KPI'!B10,'Data Down'!Q:Q,'Summary KPI'!$S$8,'Data Down'!$C:$C,"<="&'Summary KPI'!$G$5,'Data Down'!$C:$C,">="&'Summary KPI'!$E$5) -> 6.9333444 | T10: =SUMIFS('Data Down'!N:N,'Data Down'!D:D,'Summary KPI'!B10,'Data Down'!Q:Q,'Summary KPI'!$T$8,'Data Down'!$C:$C,"<="&'Summary KPI'!$G$5,'Data Down'!$C:$C,">="&'Summary KPI'!$E$5) -> 0 | U10: =+SUMIFS('Data Down'!$N:$N,'Data Down'!$D:$D,'Summary KPI'!B10,'Data Down'!$R:$R,'Summary KPI'!$U$7,'Data Down'!$C:$C,"<="&'Summary KPI'!$G$5,'Data Down'!$C:$C,">="&'Summary KPI'!$E$5) -> 0 | V10: =+SUMIFS('Data Down'!$N:$N,'Data Down'!$D:$D,'Summary KPI'!B10,'Data Down'!$R:$R,'Summary KPI'!$V$7,'Data Down'!$C:$C,"<="&'Summary KPI'!$G$5,'Data Down'!$C:$C,">="&'Summary KPI'!$E$5) -> 0 | W10: =+SUMIFS('Data Down'!$N:$N,'Data Down'!$D:$D,'Summary KPI'!B10,'Data Down'!$R:$R,'Summary KPI'!$W$7,'Data Down'!$C:$C,"<="&'Summary KPI'!$G$5,'Data Down'!$C:$C,">="&'Summary KPI'!$E$5) -> 0 | X10: =+SUMIFS('Data Down'!$N:$N,'Data Down'!$D:$D,'Summary KPI'!B10,'Data Down'!$R:$R,'Summary KPI'!$X$7,'Data Down'!$C:$C,"<="&'Summary KPI'!$G$5,'Data Down'!$C:$C,">="&'Summary KPI'!$E$5) -> 0 | Y10: =+SUMIFS('Data Down'!$N:$N,'Data Down'!$D:$D,'Summary KPI'!B10,'Data Down'!$R:$R,'Summary KPI'!$Y$7,'Data Down'!$C:$C,"<="&'Summary KPI'!$G$5,'Data Down'!$C:$C,">="&'Summary KPI'!$E$5) -> 7.8500126 | Z10: =+SUMIFS('Data Down'!$N:$N,'Data Down'!$D:$D,'Summary KPI'!B10,'Data Down'!$R:$R,'Summary KPI'!$Z$7,'Data Down'!$C:$C,"<="&'Summary KPI'!$G$5,'Data Down'!$C:$C,">="&'Summary KPI'!$E$5) -> 0 | AA10: =+SUMIFS('Data Down'!$N:$N,'Data Down'!$D:$D,'Summary KPI'!B10,'Data Down'!$R:$R,'Summary KPI'!$AA$7,'Data Down'!$C:$C,"<="&'Summary KPI'!$G$5,'Data Down'!$C:$C,">="&'Summary KPI'!$E$5) -> 0 | AB10: =+SUMIFS('Data Down'!$N:$N,'Data Down'!$D:$D,'Summary KPI'!B10,'Data Down'!$R:$R,'Summary KPI'!$AB$7,'Data Down'!$C:$C,"<="&'Summary KPI'!$G$5,'Data Down'!$C:$C,">="&'Summary KPI'!$E$5) -> 0 | AC10: =+SUMIFS('Data Down'!$N:$N,'Data Down'!$D:$D,'Summary KPI'!B10,'Data Down'!$R:$R,'Summary KPI'!$AC$7,'Data Down'!$C:$C,"<="&'Summary KPI'!$G$5,'Data Down'!$C:$C,">="&'Summary KPI'!$E$5) -> 0 | AD10: =(L10-AQ10)/L10 -> 0.9890972 | AE10: =+IF(F10=0,0,F10/(F10+G10+J10)) -> 0.0041666667 | AF10: =+IFERROR(F10/(F10+G10),0) -> 0.27649738 | AG10: =+F10/(F10+AQ10+J10) -> 0.0041666667 | AH10: =IF(SUM(N10:O10)=0,F10,F10/SUM(N10:O10)) -> 1 | AI10: =+IF(O10=0,F10,F10/O10) -> 1.5 | AJ10: =IFERROR(AQ10/SUM(N10:O10),0) -> 2.6166709 | AK10: =IF(M10=0,0,M10/SUM(M10:O10)) -> 0 | AL10: =IF(N10+O10+P10=0,0,(N10+P10)/(N10+O10+P10)) -> 0.33333333 | AM10: =IF(O10+N10+P10=0,0,O10/(N10+O10+P10)) -> 0.66666667 | AN10: =IF(R10+S10=0,0,R10/(R10+S10)) -> 0.11677282 | AO10: =IF(R10+S10=0,0,S10/(R10+S10)) -> 0.88322718 | AQ10: =+SUM(Q10:S10) -> 7.8500126 | AR10: =+SUM(N10:O10) -> 3 | AT10: OB x 7 Unit | AV10: 0.9 | AW10: 120 | AX10: 6
A11: =A10+1 -> 2 | B11: DT TATA 064 | C11: =VLOOKUP(B11,Sort!B:C,2,FALSE) -> Prima LX 2528 | D11: {=INDEX(HM_Unit!D:D,MATCH('Summary KPI'!B11,HM_Unit!A:A,0))} -> 16204 | E11: {=INDEX(HM_Unit!CD:CD,MATCH('Summary KPI'!B11,HM_Unit!A:A,0))} -> 16316 | F11: =E11-D11 -> 112 | G11: =SUM(R11:S11) -> 5.2666751 | H11: =Q11 -> 0 | I11: =+Z11 -> 0 | J11: =L11-F11-I11-G11-H11 -> 602.73332 | K11: =$J$5*24 -> 720 | L11: =$H$5*24 -> 720 | M11: =SUMIFS('Data Down'!U:U,'Data Down'!D:D,'Summary KPI'!B11,'Data Down'!Q:Q,'Summary KPI'!$M$8,'Data Down'!$C:$C,"<="&'Summary KPI'!$G$5,'Data Down'!$C:$C,">="&'Summary KPI'!$E$5) -> 0 | N11: =SUMIFS('Data Down'!U:U,'Data Down'!D:D,'Summary KPI'!B11,'Data Down'!Q:Q,'Summary KPI'!$N$8,'Data Down'!$C:$C,"<="&'Summary KPI'!$G$5,'Data Down'!$C:$C,">="&'Summary KPI'!$E$5) -> 0 | O11: =SUMIFS('Data Down'!U:U,'Data Down'!D:D,'Summary KPI'!B11,'Data Down'!Q:Q,'Summary KPI'!$O$8,'Data Down'!$C:$C,"<="&'Summary KPI'!$G$5,'Data Down'!$C:$C,">="&'Summary KPI'!$E$5) -> 4 | P11: =SUMIFS('Data Down'!U:U,'Data Down'!D:D,'Summary KPI'!B11,'Data Down'!Q:Q,'Summary KPI'!$P$8,'Data Down'!$C:$C,"<="&'Summary KPI'!$G$5,'Data Down'!$C:$C,">="&'Summary KPI'!$E$5) -> 0 | Q11: =SUMIFS('Data Down'!N:N,'Data Down'!$D:$D,'Summary KPI'!$B11,'Data Down'!$Q:$Q,'Summary KPI'!$Q$8,'Data Down'!$C:$C,"<="&'Summary KPI'!$G$5,'Data Down'!$C:$C,">="&'Summary KPI'!$E$5) -> 0 | R11: =SUMIFS('Data Down'!N:N,'Data Down'!D:D,'Summary KPI'!B11,'Data Down'!Q:Q,'Summary KPI'!$R$8,'Data Down'!$C:$C,"<="&'Summary KPI'!$G$5,'Data Down'!$C:$C,">="&'Summary KPI'!$E$5) -> 0 | S11: =SUMIFS('Data Down'!N:N,'Data Down'!D:D,'Summary KPI'!B11,'Data Down'!Q:Q,'Summary KPI'!$S$8,'Data Down'!$C:$C,"<="&'Summary KPI'!$G$5,'Data Down'!$C:$C,">="&'Summary KPI'!$E$5) -> 5.2666751 | T11: =SUMIFS('Data Down'!N:N,'Data Down'!D:D,'Summary KPI'!B11,'Data Down'!Q:Q,'Summary KPI'!$T$8,'Data Down'!$C:$C,"<="&'Summary KPI'!$G$5,'Data Down'!$C:$C,">="&'Summary KPI'!$E$5) -> 0 | U11: =+SUMIFS('Data Down'!$N:$N,'Data Down'!$D:$D,'Summary KPI'!B11,'Data Down'!$R:$R,'Summary KPI'!$U$7,'Data Down'!$C:$C,"<="&'Summary KPI'!$G$5,'Data Down'!$C:$C,">="&'Summary KPI'!$E$5) -> 0 | V11: =+SUMIFS('Data Down'!$N:$N,'Data Down'!$D:$D,'Summary KPI'!B11,'Data Down'!$R:$R,'Summary KPI'!$V$7,'Data Down'!$C:$C,"<="&'Summary KPI'!$G$5,'Data Down'!$C:$C,">="&'Summary KPI'!$E$5) -> 0 | W11: =+SUMIFS('Data Down'!$N:$N,'Data Down'!$D:$D,'Summary KPI'!B11,'Data Down'!$R:$R,'Summary KPI'!$W$7,'Data Down'!$C:$C,"<="&'Summary KPI'!$G$5,'Data Down'!$C:$C,">="&'Summary KPI'!$E$5) -> 0 | X11: =+SUMIFS('Data Down'!$N:$N,'Data Down'!$D:$D,'Summary KPI'!B11,'Data Down'!$R:$R,'Summary KPI'!$X$7,'Data Down'!$C:$C,"<="&'Summary KPI'!$G$5,'Data Down'!$C:$C,">="&'Summary KPI'!$E$5) -> 0 | Y11: =+SUMIFS('Data Down'!$N:$N,'Data Down'!$D:$D,'Summary KPI'!B11,'Data Down'!$R:$R,'Summary KPI'!$Y$7,'Data Down'!$C:$C,"<="&'Summary KPI'!$G$5,'Data Down'!$C:$C,">="&'Summary KPI'!$E$5) -> 5.2666751 | Z11: =+SUMIFS('Data Down'!$N:$N,'Data Down'!$D:$D,'Summary KPI'!B11,'Data Down'!$R:$R,'Summary KPI'!$Z$7,'Data Down'!$C:$C,"<="&'Summary KPI'!$G$5,'Data Down'!$C:$C,">="&'Summary KPI'!$E$5) -> 0 | AA11: =+SUMIFS('Data Down'!$N:$N,'Data Down'!$D:$D,'Summary KPI'!B11,'Data Down'!$R:$R,'Summary KPI'!$AA$7,'Data Down'!$C:$C,"<="&'Summary KPI'!$G$5,'Data Down'!$C:$C,">="&'Summary KPI'!$E$5) -> 0 | AB11: =+SUMIFS('Data Down'!$N:$N,'Data Down'!$D:$D,'Summary KPI'!B11,'Data Down'!$R:$R,'Summary KPI'!$AB$7,'Data Down'!$C:$C,"<="&'Summary KPI'!$G$5,'Data Down'!$C:$C,">="&'Summary KPI'!$E$5) -> 0 | AC11: =+SUMIFS('Data Down'!$N:$N,'Data Down'!$D:$D,'Summary KPI'!B11,'Data Down'!$R:$R,'Summary KPI'!$AC$7,'Data Down'!$C:$C,"<="&'Summary KPI'!$G$5,'Data Down'!$C:$C,">="&'Summary KPI'!$E$5) -> 0 | AD11: =(L11-AQ11)/L11 -> 0.99268517 | AE11: =+IF(F11=0,0,F11/(F11+G11+J11)) -> 0.15555556 | AF11: =+IFERROR(F11/(F11+G11),0) -> 0.95508805 | AG11: =+F11/(F11+AQ11+J11) -> 0.15555556 | AH11: =IF(SUM(N11:O11)=0,F11,F11/SUM(N11:O11)) -> 28 | AI11: =+IF(O11=0,F11,F11/O11) -> 28 | AJ11: =IFERROR(AQ11/SUM(N11:O11),0) -> 1.3166688 | AK11: =IF(M11=0,0,M11/SUM(M11:O11)) -> 0 | AL11: =IF(N11+O11+P11=0,0,(N11+P11)/(N11+O11+P11)) -> 0 | AM11: =IF(O11+N11+P11=0,0,O11/(N11+O11+P11)) -> 1 | AN11: =IF(R11+S11=0,0,R11/(R11+S11)) -> 0 | AO11: =IF(R11+S11=0,0,S11/(R11+S11)) -> 1 | AQ11: =+SUM(Q11:S11) -> 5.2666751 | AR11: =+SUM(N11:O11) -> 4 | AT11: OB x 7 Unit | AV11: 0.9 | AW11: 120 | AX11: 6
A12: =A11+1 -> 3 | B12: DT TATA 070 | C12: =VLOOKUP(B12,Sort!B:C,2,FALSE) -> Prima LX 2528 | D12: {=INDEX(HM_Unit!D:D,MATCH('Summary KPI'!B12,HM_Unit!A:A,0))} -> 13239 | E12: {=INDEX(HM_Unit!CD:CD,MATCH('Summary KPI'!B12,HM_Unit!A:A,0))} -> 13404 | F12: =E12-D12 -> 165 | G12: =SUM(R12:S12) -> 17.583361 | H12: =Q12 -> 0 | I12: =+Z12 -> 0 | J12: =L12-F12-I12-G12-H12 -> 537.41664 | K12: =$J$5*24 -> 720 | L12: =$H$5*24 -> 720 | M12: =SUMIFS('Data Down'!U:U,'Data Down'!D:D,'Summary KPI'!B12,'Data Down'!Q:Q,'Summary KPI'!$M$8,'Data Down'!$C:$C,"<="&'Summary KPI'!$G$5,'Data Down'!$C:$C,">="&'Summary KPI'!$E$5) -> 0 | N12: =SUMIFS('Data Down'!U:U,'Data Down'!D:D,'Summary KPI'!B12,'Data Down'!Q:Q,'Summary KPI'!$N$8,'Data Down'!$C:$C,"<="&'Summary KPI'!$G$5,'Data Down'!$C:$C,">="&'Summary KPI'!$E$5) -> 1 | O12: =SUMIFS('Data Down'!U:U,'Data Down'!D:D,'Summary KPI'!B12,'Data Down'!Q:Q,'Summary KPI'!$O$8,'Data Down'!$C:$C,"<="&'Summary KPI'!$G$5,'Data Down'!$C:$C,">="&'Summary KPI'!$E$5) -> 3 | P12: =SUMIFS('Data Down'!U:U,'Data Down'!D:D,'Summary KPI'!B12,'Data Down'!Q:Q,'Summary KPI'!$P$8,'Data Down'!$C:$C,"<="&'Summary KPI'!$G$5,'Data Down'!$C:$C,">="&'Summary KPI'!$E$5) -> 0 | Q12: =SUMIFS('Data Down'!N:N,'Data Down'!$D:$D,'Summary KPI'!$B12,'Data Down'!$Q:$Q,'Summary KPI'!$Q$8,'Data Down'!$C:$C,"<="&'Summary KPI'!$G$5,'Data Down'!$C:$C,">="&'Summary KPI'!$E$5) -> 0 | R12: =SUMIFS('Data Down'!N:N,'Data Down'!D:D,'Summary KPI'!B12,'Data Down'!Q:Q,'Summary KPI'!$R$8,'Data Down'!$C:$C,"<="&'Summary KPI'!$G$5,'Data Down'!$C:$C,">="&'Summary KPI'!$E$5) -> 1.1166685 | S12: =SUMIFS('Data Down'!N:N,'Data Down'!D:D,'Summary KPI'!B12,'Data Down'!Q:Q,'Summary KPI'!$S$8,'Data Down'!$C:$C,"<="&'Summary KPI'!$G$5,'Data Down'!$C:$C,">="&'Summary KPI'!$E$5) -> 16.466693 | T12: =SUMIFS('Data Down'!N:N,'Data Down'!D:D,'Summary KPI'!B12,'Data Down'!Q:Q,'Summary KPI'!$T$8,'Data Down'!$C:$C,"<="&'Summary KPI'!$G$5,'Data Down'!$C:$C,">="&'Summary KPI'!$E$5) -> 0 | U12: =+SUMIFS('Data Down'!$N:$N,'Data Down'!$D:$D,'Summary KPI'!B12,'Data Down'!$R:$R,'Summary KPI'!$U$7,'Data Down'!$C:$C,"<="&'Summary KPI'!$G$5,'Data Down'!$C:$C,">="&'Summary KPI'!$E$5) -> 0 | V12: =+SUMIFS('Data Down'!$N:$N,'Data Down'!$D:$D,'Summary KPI'!B12,'Data Down'!$R:$R,'Summary KPI'!$V$7,'Data Down'!$C:$C,"<="&'Summary KPI'!$G$5,'Data Down'!$C:$C,">="&'Summary KPI'!$E$5) -> 0 | W12: =+SUMIFS('Data Down'!$N:$N,'Data Down'!$D:$D,'Summary KPI'!B12,'Data Down'!$R:$R,'Summary KPI'!$W$7,'Data Down'!$C:$C,"<="&'Summary KPI'!$G$5,'Data Down'!$C:$C,">="&'Summary KPI'!$E$5) -> 0 | X12: =+SUMIFS('Data Down'!$N:$N,'Data Down'!$D:$D,'Summary KPI'!B12,'Data Down'!$R:$R,'Summary KPI'!$X$7,'Data Down'!$C:$C,"<="&'Summary KPI'!$G$5,'Data Down'!$C:$C,">="&'Summary KPI'!$E$5) -> 0 | Y12: =+SUMIFS('Data Down'!$N:$N,'Data Down'!$D:$D,'Summary KPI'!B12,'Data Down'!$R:$R,'Summary KPI'!$Y$7,'Data Down'!$C:$C,"<="&'Summary KPI'!$G$5,'Data Down'!$C:$C,">="&'Summary KPI'!$E$5) -> 17.583361 | Z12: =+SUMIFS('Data Down'!$N:$N,'Data Down'!$D:$D,'Summary KPI'!B12,'Data Down'!$R:$R,'Summary KPI'!$Z$7,'Data Down'!$C:$C,"<="&'Summary KPI'!$G$5,'Data Down'!$C:$C,">="&'Summary KPI'!$E$5) -> 0 | AA12: =+SUMIFS('Data Down'!$N:$N,'Data Down'!$D:$D,'Summary KPI'!B12,'Data Down'!$R:$R,'Summary KPI'!$AA$7,'Data Down'!$C:$C,"<="&'Summary KPI'!$G$5,'Data Down'!$C:$C,">="&'Summary KPI'!$E$5) -> 0 | AB12: =+SUMIFS('Data Down'!$N:$N,'Data Down'!$D:$D,'Summary KPI'!B12,'Data Down'!$R:$R,'Summary KPI'!$AB$7,'Data Down'!$C:$C,"<="&'Summary KPI'!$G$5,'Data Down'!$C:$C,">="&'Summary KPI'!$E$5) -> 0 | AC12: =+SUMIFS('Data Down'!$N:$N,'Data Down'!$D:$D,'Summary KPI'!B12,'Data Down'!$R:$R,'Summary KPI'!$AC$7,'Data Down'!$C:$C,"<="&'Summary KPI'!$G$5,'Data Down'!$C:$C,">="&'Summary KPI'!$E$5) -> 0 | AD12: =(L12-AQ12)/L12 -> 0.97557866 | AE12: =+IF(F12=0,0,F12/(F12+G12+J12)) -> 0.22916667 | AF12: =+IFERROR(F12/(F12+G12),0) -> 0.9036968 | AG12: =+F12/(F12+AQ12+J12) -> 0.22916667 | AH12: =IF(SUM(N12:O12)=0,F12,F12/SUM(N12:O12)) -> 41.25 | AI12: =+IF(O12=0,F12,F12/O12) -> 55 | AJ12: =IFERROR(AQ12/SUM(N12:O12),0) -> 4.3958404 | AK12: =IF(M12=0,0,M12/SUM(M12:O12)) -> 0 | AL12: =IF(N12+O12+P12=0,0,(N12+P12)/(N12+O12+P12)) -> 0.25 | AM12: =IF(O12+N12+P12=0,0,O12/(N12+O12+P12)) -> 0.75 | AN12: =IF(R12+S12=0,0,R12/(R12+S12)) -> 0.063507109 | AO12: =IF(R12+S12=0,0,S12/(R12+S12)) -> 0.93649289 | AQ12: =+SUM(Q12:S12) -> 17.583361 | AR12: =+SUM(N12:O12) -> 4 | AT12: OB x 7 Unit | AV12: 0.9 | AW12: 120 | AX12: 6
A13: =A12+1 -> 4 | B13: DT TATA 078 | C13: =VLOOKUP(B13,Sort!B:C,2,FALSE) -> Prima LX 2528 | D13: {=INDEX(HM_Unit!D:D,MATCH('Summary KPI'!B13,HM_Unit!A:A,0))} -> 13225 | E13: {=INDEX(HM_Unit!CD:CD,MATCH('Summary KPI'!B13,HM_Unit!A:A,0))} -> 13385 | F13: =E13-D13 -> 160 | G13: =SUM(R13:S13) -> 5.9500095 | H13: =Q13 -> 0 | I13: =+Z13 -> 0 | J13: =L13-F13-I13-G13-H13 -> 554.04999 | K13: =$J$5*24 -> 720 | L13: =$H$5*24 -> 720 | M13: =SUMIFS('Data Down'!U:U,'Data Down'!D:D,'Summary KPI'!B13,'Data Down'!Q:Q,'Summary KPI'!$M$8,'Data Down'!$C:$C,"<="&'Summary KPI'!$G$5,'Data Down'!$C:$C,">="&'Summary KPI'!$E$5) -> 0 | N13: =SUMIFS('Data Down'!U:U,'Data Down'!D:D,'Summary KPI'!B13,'Data Down'!Q:Q,'Summary KPI'!$N$8,'Data Down'!$C:$C,"<="&'Summary KPI'!$G$5,'Data Down'!$C:$C,">="&'Summary KPI'!$E$5) -> 1 | O13: =SUMIFS('Data Down'!U:U,'Data Down'!D:D,'Summary KPI'!B13,'Data Down'!Q:Q,'Summary KPI'!$O$8,'Data Down'!$C:$C,"<="&'Summary KPI'!$G$5,'Data Down'!$C:$C,">="&'Summary KPI'!$E$5) -> 5 | P13: =SUMIFS('Data Down'!U:U,'Data Down'!D:D,'Summary KPI'!B13,'Data Down'!Q:Q,'Summary KPI'!$P$8,'Data Down'!$C:$C,"<="&'Summary KPI'!$G$5,'Data Down'!$C:$C,">="&'Summary KPI'!$E$5) -> 0 | Q13: =SUMIFS('Data Down'!N:N,'Data Down'!$D:$D,'Summary KPI'!$B13,'Data Down'!$Q:$Q,'Summary KPI'!$Q$8,'Data Down'!$C:$C,"<="&'Summary KPI'!$G$5,'Data Down'!$C:$C,">="&'Summary KPI'!$E$5) -> 0 | R13: =SUMIFS('Data Down'!N:N,'Data Down'!D:D,'Summary KPI'!B13,'Data Down'!Q:Q,'Summary KPI'!$R$8,'Data Down'!$C:$C,"<="&'Summary KPI'!$G$5,'Data Down'!$C:$C,">="&'Summary KPI'!$E$5) -> 3.0333382 | S13: =SUMIFS('Data Down'!N:N,'Data Down'!D:D,'Summary KPI'!B13,'Data Down'!Q:Q,'Summary KPI'!$S$8,'Data Down'!$C:$C,"<="&'Summary KPI'!$G$5,'Data Down'!$C:$C,">="&'Summary KPI'!$E$5) -> 2.9166713 | T13: =SUMIFS('Data Down'!N:N,'Data Down'!D:D,'Summary KPI'!B13,'Data Down'!Q:Q,'Summary KPI'!$T$8,'Data Down'!$C:$C,"<="&'Summary KPI'!$G$5,'Data Down'!$C:$C,">="&'Summary KPI'!$E$5) -> 0 | U13: =+SUMIFS('Data Down'!$N:$N,'Data Down'!$D:$D,'Summary KPI'!B13,'Data Down'!$R:$R,'Summary KPI'!$U$7,'Data Down'!$C:$C,"<="&'Summary KPI'!$G$5,'Data Down'!$C:$C,">="&'Summary KPI'!$E$5) -> 0 | V13: =+SUMIFS('Data Down'!$N:$N,'Data Down'!$D:$D,'Summary KPI'!B13,'Data Down'!$R:$R,'Summary KPI'!$V$7,'Data Down'!$C:$C,"<="&'Summary KPI'!$G$5,'Data Down'!$C:$C,">="&'Summary KPI'!$E$5) -> 0 | W13: =+SUMIFS('Data Down'!$N:$N,'Data Down'!$D:$D,'Summary KPI'!B13,'Data Down'!$R:$R,'Summary KPI'!$W$7,'Data Down'!$C:$C,"<="&'Summary KPI'!$G$5,'Data Down'!$C:$C,">="&'Summary KPI'!$E$5) -> 0 | X13: =+SUMIFS('Data Down'!$N:$N,'Data Down'!$D:$D,'Summary KPI'!B13,'Data Down'!$R:$R,'Summary KPI'!$X$7,'Data Down'!$C:$C,"<="&'Summary KPI'!$G$5,'Data Down'!$C:$C,">="&'Summary KPI'!$E$5) -> 0 | Y13: =+SUMIFS('Data Down'!$N:$N,'Data Down'!$D:$D,'Summary KPI'!B13,'Data Down'!$R:$R,'Summary KPI'!$Y$7,'Data Down'!$C:$C,"<="&'Summary KPI'!$G$5,'Data Down'!$C:$C,">="&'Summary KPI'!$E$5) -> 5.9500095 | Z13: =+SUMIFS('Data Down'!$N:$N,'Data Down'!$D:$D,'Summary KPI'!B13,'Data Down'!$R:$R,'Summary KPI'!$Z$7,'Data Down'!$C:$C,"<="&'Summary KPI'!$G$5,'Data Down'!$C:$C,">="&'Summary KPI'!$E$5) -> 0 | AA13: =+SUMIFS('Data Down'!$N:$N,'Data Down'!$D:$D,'Summary KPI'!B13,'Data Down'!$R:$R,'Summary KPI'!$AA$7,'Data Down'!$C:$C,"<="&'Summary KPI'!$G$5,'Data Down'!$C:$C,">="&'Summary KPI'!$E$5) -> 0 | AB13: =+SUMIFS('Data Down'!$N:$N,'Data Down'!$D:$D,'Summary KPI'!B13,'Data Down'!$R:$R,'Summary KPI'!$AB$7,'Data Down'!$C:$C,"<="&'Summary KPI'!$G$5,'Data Down'!$C:$C,">="&'Summary KPI'!$E$5) -> 0 | AC13: =+SUMIFS('Data Down'!$N:$N,'Data Down'!$D:$D,'Summary KPI'!B13,'Data Down'!$R:$R,'Summary KPI'!$AC$7,'Data Down'!$C:$C,"<="&'Summary KPI'!$G$5,'Data Down'!$C:$C,">="&'Summary KPI'!$E$5) -> 0 | AD13: =(L13-AQ13)/L13 -> 0.9917361 | AE13: =+IF(F13=0,0,F13/(F13+G13+J13)) -> 0.22222222 | AF13: =+IFERROR(F13/(F13+G13),0) -> 0.96414577 | AG13: =+F13/(F13+AQ13+J13) -> 0.22222222 | AH13: =IF(SUM(N13:O13)=0,F13,F13/SUM(N13:O13)) -> 26.666667 | AI13: =+IF(O13=0,F13,F13/O13) -> 32 | AJ13: =IFERROR(AQ13/SUM(N13:O13),0) -> 0.99166825 | AK13: =IF(M13=0,0,M13/SUM(M13:O13)) -> 0 | AL13: =IF(N13+O13+P13=0,0,(N13+P13)/(N13+O13+P13)) -> 0.16666667 | AM13: =IF(O13+N13+P13=0,0,O13/(N13+O13+P13)) -> 0.83333333 | AN13: =IF(R13+S13=0,0,R13/(R13+S13)) -> 0.50980392 | AO13: =IF(R13+S13=0,0,S13/(R13+S13)) -> 0.49019608 | AQ13: =+SUM(Q13:S13) -> 5.9500095 | AR13: =+SUM(N13:O13) -> 6 | AT13: OB x 7 Unit | AV13: 0.9 | AW13: 120 | AX13: 6
A14: =A13+1 -> 5 | B14: DT TATA 085 | C14: =VLOOKUP(B14,Sort!B:C,2,FALSE) -> Prima LX 2528 | D14: {=INDEX(HM_Unit!D:D,MATCH('Summary KPI'!B14,HM_Unit!A:A,0))} -> 15461 | E14: {=INDEX(HM_Unit!CD:CD,MATCH('Summary KPI'!B14,HM_Unit!A:A,0))} -> 15612 | F14: =E14-D14 -> 151 | G14: =SUM(R14:S14) -> 4.1333399 | H14: =Q14 -> 0 | I14: =+Z14 -> 0 | J14: =L14-F14-I14-G14-H14 -> 564.86666 | K14: =$J$5*24 -> 720 | L14: =$H$5*24 -> 720 | M14: =SUMIFS('Data Down'!U:U,'Data Down'!D:D,'Summary KPI'!B14,'Data Down'!Q:Q,'Summary KPI'!$M$8,'Data Down'!$C:$C,"<="&'Summary KPI'!$G$5,'Data Down'!$C:$C,">="&'Summary KPI'!$E$5) -> 0 | N14: =SUMIFS('Data Down'!U:U,'Data Down'!D:D,'Summary KPI'!B14,'Data Down'!Q:Q,'Summary KPI'!$N$8,'Data Down'!$C:$C,"<="&'Summary KPI'!$G$5,'Data Down'!$C:$C,">="&'Summary KPI'!$E$5) -> 0 | O14: =SUMIFS('Data Down'!U:U,'Data Down'!D:D,'Summary KPI'!B14,'Data Down'!Q:Q,'Summary KPI'!$O$8,'Data Down'!$C:$C,"<="&'Summary KPI'!$G$5,'Data Down'!$C:$C,">="&'Summary KPI'!$E$5) -> 2 | P14: =SUMIFS('Data Down'!U:U,'Data Down'!D:D,'Summary KPI'!B14,'Data Down'!Q:Q,'Summary KPI'!$P$8,'Data Down'!$C:$C,"<="&'Summary KPI'!$G$5,'Data Down'!$C:$C,">="&'Summary KPI'!$E$5) -> 0 | Q14: =SUMIFS('Data Down'!N:N,'Data Down'!$D:$D,'Summary KPI'!$B14,'Data Down'!$Q:$Q,'Summary KPI'!$Q$8,'Data Down'!$C:$C,"<="&'Summary KPI'!$G$5,'Data Down'!$C:$C,">="&'Summary KPI'!$E$5) -> 0 | R14: =SUMIFS('Data Down'!N:N,'Data Down'!D:D,'Summary KPI'!B14,'Data Down'!Q:Q,'Summary KPI'!$R$8,'Data Down'!$C:$C,"<="&'Summary KPI'!$G$5,'Data Down'!$C:$C,">="&'Summary KPI'!$E$5) -> 0 | S14: =SUMIFS('Data Down'!N:N,'Data Down'!D:D,'Summary KPI'!B14,'Data Down'!Q:Q,'Summary KPI'!$S$8,'Data Down'!$C:$C,"<="&'Summary KPI'!$G$5,'Data Down'!$C:$C,">="&'Summary KPI'!$E$5) -> 4.1333399 | T14: =SUMIFS('Data Down'!N:N,'Data Down'!D:D,'Summary KPI'!B14,'Data Down'!Q:Q,'Summary KPI'!$T$8,'Data Down'!$C:$C,"<="&'Summary KPI'!$G$5,'Data Down'!$C:$C,">="&'Summary KPI'!$E$5) -> 0 | U14: =+SUMIFS('Data Down'!$N:$N,'Data Down'!$D:$D,'Summary KPI'!B14,'Data Down'!$R:$R,'Summary KPI'!$U$7,'Data Down'!$C:$C,"<="&'Summary KPI'!$G$5,'Data Down'!$C:$C,">="&'Summary KPI'!$E$5) -> 0 | V14: =+SUMIFS('Data Down'!$N:$N,'Data Down'!$D:$D,'Summary KPI'!B14,'Data Down'!$R:$R,'Summary KPI'!$V$7,'Data Down'!$C:$C,"<="&'Summary KPI'!$G$5,'Data Down'!$C:$C,">="&'Summary KPI'!$E$5) -> 0 | W14: =+SUMIFS('Data Down'!$N:$N,'Data Down'!$D:$D,'Summary KPI'!B14,'Data Down'!$R:$R,'Summary KPI'!$W$7,'Data Down'!$C:$C,"<="&'Summary KPI'!$G$5,'Data Down'!$C:$C,">="&'Summary KPI'!$E$5) -> 0 | X14: =+SUMIFS('Data Down'!$N:$N,'Data Down'!$D:$D,'Summary KPI'!B14,'Data Down'!$R:$R,'Summary KPI'!$X$7,'Data Down'!$C:$C,"<="&'Summary KPI'!$G$5,'Data Down'!$C:$C,">="&'Summary KPI'!$E$5) -> 0 | Y14: =+SUMIFS('Data Down'!$N:$N,'Data Down'!$D:$D,'Summary KPI'!B14,'Data Down'!$R:$R,'Summary KPI'!$Y$7,'Data Down'!$C:$C,"<="&'Summary KPI'!$G$5,'Data Down'!$C:$C,">="&'Summary KPI'!$E$5) -> 4.1333399 | Z14: =+SUMIFS('Data Down'!$N:$N,'Data Down'!$D:$D,'Summary KPI'!B14,'Data Down'!$R:$R,'Summary KPI'!$Z$7,'Data Down'!$C:$C,"<="&'Summary KPI'!$G$5,'Data Down'!$C:$C,">="&'Summary KPI'!$E$5) -> 0 | AA14: =+SUMIFS('Data Down'!$N:$N,'Data Down'!$D:$D,'Summary KPI'!B14,'Data Down'!$R:$R,'Summary KPI'!$AA$7,'Data Down'!$C:$C,"<="&'Summary KPI'!$G$5,'Data Down'!$C:$C,">="&'Summary KPI'!$E$5) -> 0 | AB14: =+SUMIFS('Data Down'!$N:$N,'Data Down'!$D:$D,'Summary KPI'!B14,'Data Down'!$R:$R,'Summary KPI'!$AB$7,'Data Down'!$C:$C,"<="&'Summary KPI'!$G$5,'Data Down'!$C:$C,">="&'Summary KPI'!$E$5) -> 0 | AC14: =+SUMIFS('Data Down'!$N:$N,'Data Down'!$D:$D,'Summary KPI'!B14,'Data Down'!$R:$R,'Summary KPI'!$AC$7,'Data Down'!$C:$C,"<="&'Summary KPI'!$G$5,'Data Down'!$C:$C,">="&'Summary KPI'!$E$5) -> 0 | AD14: =(L14-AQ14)/L14 -> 0.99425925 | AE14: =+IF(F14=0,0,F14/(F14+G14+J14)) -> 0.20972222 | AF14: =+IFERROR(F14/(F14+G14),0) -> 0.97335621 | AG14: =+F14/(F14+AQ14+J14) -> 0.20972222 | AH14: =IF(SUM(N14:O14)=0,F14,F14/SUM(N14:O14)) -> 75.5 | AI14: =+IF(O14=0,F14,F14/O14) -> 75.5 | AJ14: =IFERROR(AQ14/SUM(N14:O14),0) -> 2.06667 | AK14: =IF(M14=0,0,M14/SUM(M14:O14)) -> 0 | AL14: =IF(N14+O14+P14=0,0,(N14+P14)/(N14+O14+P14)) -> 0 | AM14: =IF(O14+N14+P14=0,0,O14/(N14+O14+P14)) -> 1 | AN14: =IF(R14+S14=0,0,R14/(R14+S14)) -> 0 | AO14: =IF(R14+S14=0,0,S14/(R14+S14)) -> 1 | AQ14: =+SUM(Q14:S14) -> 4.1333399 | AR14: =+SUM(N14:O14) -> 2 | AT14: OB x 7 Unit | AV14: 0.9 | AW14: 120 | AX14: 6
A15: =A14+1 -> 6 | B15: DT TATA 086 | C15: =VLOOKUP(B15,Sort!B:C,2,FALSE) -> Prima LX 2528 | D15: {=INDEX(HM_Unit!D:D,MATCH('Summary KPI'!B15,HM_Unit!A:A,0))} -> 15411 | E15: {=INDEX(HM_Unit!CD:CD,MATCH('Summary KPI'!B15,HM_Unit!A:A,0))} -> 15433 | F15: =E15-D15 -> 22 | G15: =SUM(R15:S15) -> 6.9500111 | H15: =Q15 -> 0 | I15: =+Z15 -> 0 | J15: =L15-F15-I15-G15-H15 -> 691.04999 | K15: =$J$5*24 -> 720 | L15: =$H$5*24 -> 720 | M15: =SUMIFS('Data Down'!U:U,'Data Down'!D:D,'Summary KPI'!B15,'Data Down'!Q:Q,'Summary KPI'!$M$8,'Data Down'!$C:$C,"<="&'Summary KPI'!$G$5,'Data Down'!$C:$C,">="&'Summary KPI'!$E$5) -> 0 | N15: =SUMIFS('Data Down'!U:U,'Data Down'!D:D,'Summary KPI'!B15,'Data Down'!Q:Q,'Summary KPI'!$N$8,'Data Down'!$C:$C,"<="&'Summary KPI'!$G$5,'Data Down'!$C:$C,">="&'Summary KPI'!$E$5) -> 1 | O15: =SUMIFS('Data Down'!U:U,'Data Down'!D:D,'Summary KPI'!B15,'Data Down'!Q:Q,'Summary KPI'!$O$8,'Data Down'!$C:$C,"<="&'Summary KPI'!$G$5,'Data Down'!$C:$C,">="&'Summary KPI'!$E$5) -> 3 | P15: =SUMIFS('Data Down'!U:U,'Data Down'!D:D,'Summary KPI'!B15,'Data Down'!Q:Q,'Summary KPI'!$P$8,'Data Down'!$C:$C,"<="&'Summary KPI'!$G$5,'Data Down'!$C:$C,">="&'Summary KPI'!$E$5) -> 0 | Q15: =SUMIFS('Data Down'!N:N,'Data Down'!$D:$D,'Summary KPI'!$B15,'Data Down'!$Q:$Q,'Summary KPI'!$Q$8,'Data Down'!$C:$C,"<="&'Summary KPI'!$G$5,'Data Down'!$C:$C,">="&'Summary KPI'!$E$5) -> 0 | R15: =SUMIFS('Data Down'!N:N,'Data Down'!D:D,'Summary KPI'!B15,'Data Down'!Q:Q,'Summary KPI'!$R$8,'Data Down'!$C:$C,"<="&'Summary KPI'!$G$5,'Data Down'!$C:$C,">="&'Summary KPI'!$E$5) -> 0.41666733 | S15: =SUMIFS('Data Down'!N:N,'Data Down'!D:D,'Summary KPI'!B15,'Data Down'!Q:Q,'Summary KPI'!$S$8,'Data Down'!$C:$C,"<="&'Summary KPI'!$G$5,'Data Down'!$C:$C,">="&'Summary KPI'!$E$5) -> 6.5333438 | T15: =SUMIFS('Data Down'!N:N,'Data Down'!D:D,'Summary KPI'!B15,'Data Down'!Q:Q,'Summary KPI'!$T$8,'Data Down'!$C:$C,"<="&'Summary KPI'!$G$5,'Data Down'!$C:$C,">="&'Summary KPI'!$E$5) -> 0 | U15: =+SUMIFS('Data Down'!$N:$N,'Data Down'!$D:$D,'Summary KPI'!B15,'Data Down'!$R:$R,'Summary KPI'!$U$7,'Data Down'!$C:$C,"<="&'Summary KPI'!$G$5,'Data Down'!$C:$C,">="&'Summary KPI'!$E$5) -> 0 | V15: =+SUMIFS('Data Down'!$N:$N,'Data Down'!$D:$D,'Summary KPI'!B15,'Data Down'!$R:$R,'Summary KPI'!$V$7,'Data Down'!$C:$C,"<="&'Summary KPI'!$G$5,'Data Down'!$C:$C,">="&'Summary KPI'!$E$5) -> 0 | W15: =+SUMIFS('Data Down'!$N:$N,'Data Down'!$D:$D,'Summary KPI'!B15,'Data Down'!$R:$R,'Summary KPI'!$W$7,'Data Down'!$C:$C,"<="&'Summary KPI'!$G$5,'Data Down'!$C:$C,">="&'Summary KPI'!$E$5) -> 0 | X15: =+SUMIFS('Data Down'!$N:$N,'Data Down'!$D:$D,'Summary KPI'!B15,'Data Down'!$R:$R,'Summary KPI'!$X$7,'Data Down'!$C:$C,"<="&'Summary KPI'!$G$5,'Data Down'!$C:$C,">="&'Summary KPI'!$E$5) -> 0 | Y15: =+SUMIFS('Data Down'!$N:$N,'Data Down'!$D:$D,'Summary KPI'!B15,'Data Down'!$R:$R,'Summary KPI'!$Y$7,'Data Down'!$C:$C,"<="&'Summary KPI'!$G$5,'Data Down'!$C:$C,">="&'Summary KPI'!$E$5) -> 6.9500111 | Z15: =+SUMIFS('Data Down'!$N:$N,'Data Down'!$D:$D,'Summary KPI'!B15,'Data Down'!$R:$R,'Summary KPI'!$Z$7,'Data Down'!$C:$C,"<="&'Summary KPI'!$G$5,'Data Down'!$C:$C,">="&'Summary KPI'!$E$5) -> 0 | AA15: =+SUMIFS('Data Down'!$N:$N,'Data Down'!$D:$D,'Summary KPI'!B15,'Data Down'!$R:$R,'Summary KPI'!$AA$7,'Data Down'!$C:$C,"<="&'Summary KPI'!$G$5,'Data Down'!$C:$C,">="&'Summary KPI'!$E$5) -> 0 | AB15: =+SUMIFS('Data Down'!$N:$N,'Data Down'!$D:$D,'Summary KPI'!B15,'Data Down'!$R:$R,'Summary KPI'!$AB$7,'Data Down'!$C:$C,"<="&'Summary KPI'!$G$5,'Data Down'!$C:$C,">="&'Summary KPI'!$E$5) -> 0 | AC15: =+SUMIFS('Data Down'!$N:$N,'Data Down'!$D:$D,'Summary KPI'!B15,'Data Down'!$R:$R,'Summary KPI'!$AC$7,'Data Down'!$C:$C,"<="&'Summary KPI'!$G$5,'Data Down'!$C:$C,">="&'Summary KPI'!$E$5) -> 0 | AD15: =(L15-AQ15)/L15 -> 0.99034721 | AE15: =+IF(F15=0,0,F15/(F15+G15+J15)) -> 0.030555556 | AF15: =+IFERROR(F15/(F15+G15),0) -> 0.75993062 | AG15: =+F15/(F15+AQ15+J15) -> 0.030555556 | AH15: =IF(SUM(N15:O15)=0,F15,F15/SUM(N15:O15)) -> 5.5 | AI15: =+IF(O15=0,F15,F15/O15) -> 7.3333333 | AJ15: =IFERROR(AQ15/SUM(N15:O15),0) -> 1.7375028 | AK15: =IF(M15=0,0,M15/SUM(M15:O15)) -> 0 | AL15: =IF(N15+O15+P15=0,0,(N15+P15)/(N15+O15+P15)) -> 0.25 | AM15: =IF(O15+N15+P15=0,0,O15/(N15+O15+P15)) -> 0.75 | AN15: =IF(R15+S15=0,0,R15/(R15+S15)) -> 0.059952038 | AO15: =IF(R15+S15=0,0,S15/(R15+S15)) -> 0.94004796 | AQ15: =+SUM(Q15:S15) -> 6.9500111 | AR15: =+SUM(N15:O15) -> 4 | AT15: OB x 7 Unit | AV15: 0.9 | AW15: 120 | AX15: 6
A16: =A15+1 -> 7 | B16: DT TATA 088 | C16: =VLOOKUP(B16,Sort!B:C,2,FALSE) -> Prima LX 2528 | D16: {=INDEX(HM_Unit!D:D,MATCH('Summary KPI'!B16,HM_Unit!A:A,0))} -> 15743 | E16: {=INDEX(HM_Unit!CD:CD,MATCH('Summary KPI'!B16,HM_Unit!A:A,0))} -> 15797 | F16: =E16-D16 -> 54 | G16: =SUM(R16:S16) -> 13.416688 | H16: =Q16 -> 0 | I16: =+Z16 -> 0 | J16: =L16-F16-I16-G16-H16 -> 652.58331 | K16: =$J$5*24 -> 720 | L16: =$H$5*24 -> 720 | M16: =SUMIFS('Data Down'!U:U,'Data Down'!D:D,'Summary KPI'!B16,'Data Down'!Q:Q,'Summary KPI'!$M$8,'Data Down'!$C:$C,"<="&'Summary KPI'!$G$5,'Data Down'!$C:$C,">="&'Summary KPI'!$E$5) -> 0 | N16: =SUMIFS('Data Down'!U:U,'Data Down'!D:D,'Summary KPI'!B16,'Data Down'!Q:Q,'Summary KPI'!$N$8,'Data Down'!$C:$C,"<="&'Summary KPI'!$G$5,'Data Down'!$C:$C,">="&'Summary KPI'!$E$5) -> 0 | O16: =SUMIFS('Data Down'!U:U,'Data Down'!D:D,'Summary KPI'!B16,'Data Down'!Q:Q,'Summary KPI'!$O$8,'Data Down'!$C:$C,"<="&'Summary KPI'!$G$5,'Data Down'!$C:$C,">="&'Summary KPI'!$E$5) -> 2 | P16: =SUMIFS('Data Down'!U:U,'Data Down'!D:D,'Summary KPI'!B16,'Data Down'!Q:Q,'Summary KPI'!$P$8,'Data Down'!$C:$C,"<="&'Summary KPI'!$G$5,'Data Down'!$C:$C,">="&'Summary KPI'!$E$5) -> 0 | Q16: =SUMIFS('Data Down'!N:N,'Data Down'!$D:$D,'Summary KPI'!$B16,'Data Down'!$Q:$Q,'Summary KPI'!$Q$8,'Data Down'!$C:$C,"<="&'Summary KPI'!$G$5,'Data Down'!$C:$C,">="&'Summary KPI'!$E$5) -> 0 | R16: =SUMIFS('Data Down'!N:N,'Data Down'!D:D,'Summary KPI'!B16,'Data Down'!Q:Q,'Summary KPI'!$R$8,'Data Down'!$C:$C,"<="&'Summary KPI'!$G$5,'Data Down'!$C:$C,">="&'Summary KPI'!$E$5) -> 0 | S16: =SUMIFS('Data Down'!N:N,'Data Down'!D:D,'Summary KPI'!B16,'Data Down'!Q:Q,'Summary KPI'!$S$8,'Data Down'!$C:$C,"<="&'Summary KPI'!$G$5,'Data Down'!$C:$C,">="&'Summary KPI'!$E$5) -> 13.416688 | T16: =SUMIFS('Data Down'!N:N,'Data Down'!D:D,'Summary KPI'!B16,'Data Down'!Q:Q,'Summary KPI'!$T$8,'Data Down'!$C:$C,"<="&'Summary KPI'!$G$5,'Data Down'!$C:$C,">="&'Summary KPI'!$E$5) -> 0 | U16: =+SUMIFS('Data Down'!$N:$N,'Data Down'!$D:$D,'Summary KPI'!B16,'Data Down'!$R:$R,'Summary KPI'!$U$7,'Data Down'!$C:$C,"<="&'Summary KPI'!$G$5,'Data Down'!$C:$C,">="&'Summary KPI'!$E$5) -> 0 | V16: =+SUMIFS('Data Down'!$N:$N,'Data Down'!$D:$D,'Summary KPI'!B16,'Data Down'!$R:$R,'Summary KPI'!$V$7,'Data Down'!$C:$C,"<="&'Summary KPI'!$G$5,'Data Down'!$C:$C,">="&'Summary KPI'!$E$5) -> 0 | W16: =+SUMIFS('Data Down'!$N:$N,'Data Down'!$D:$D,'Summary KPI'!B16,'Data Down'!$R:$R,'Summary KPI'!$W$7,'Data Down'!$C:$C,"<="&'Summary KPI'!$G$5,'Data Down'!$C:$C,">="&'Summary KPI'!$E$5) -> 0 | X16: =+SUMIFS('Data Down'!$N:$N,'Data Down'!$D:$D,'Summary KPI'!B16,'Data Down'!$R:$R,'Summary KPI'!$X$7,'Data Down'!$C:$C,"<="&'Summary KPI'!$G$5,'Data Down'!$C:$C,">="&'Summary KPI'!$E$5) -> 0 | Y16: =+SUMIFS('Data Down'!$N:$N,'Data Down'!$D:$D,'Summary KPI'!B16,'Data Down'!$R:$R,'Summary KPI'!$Y$7,'Data Down'!$C:$C,"<="&'Summary KPI'!$G$5,'Data Down'!$C:$C,">="&'Summary KPI'!$E$5) -> 13.416688 | Z16: =+SUMIFS('Data Down'!$N:$N,'Data Down'!$D:$D,'Summary KPI'!B16,'Data Down'!$R:$R,'Summary KPI'!$Z$7,'Data Down'!$C:$C,"<="&'Summary KPI'!$G$5,'Data Down'!$C:$C,">="&'Summary KPI'!$E$5) -> 0 | AA16: =+SUMIFS('Data Down'!$N:$N,'Data Down'!$D:$D,'Summary KPI'!B16,'Data Down'!$R:$R,'Summary KPI'!$AA$7,'Data Down'!$C:$C,"<="&'Summary KPI'!$G$5,'Data Down'!$C:$C,">="&'Summary KPI'!$E$5) -> 0 | AB16: =+SUMIFS('Data Down'!$N:$N,'Data Down'!$D:$D,'Summary KPI'!B16,'Data Down'!$R:$R,'Summary KPI'!$AB$7,'Data Down'!$C:$C,"<="&'Summary KPI'!$G$5,'Data Down'!$C:$C,">="&'Summary KPI'!$E$5) -> 0 | AC16: =+SUMIFS('Data Down'!$N:$N,'Data Down'!$D:$D,'Summary KPI'!B16,'Data Down'!$R:$R,'Summary KPI'!$AC$7,'Data Down'!$C:$C,"<="&'Summary KPI'!$G$5,'Data Down'!$C:$C,">="&'Summary KPI'!$E$5) -> 0 | AD16: =(L16-AQ16)/L16 -> 0.98136571 | AE16: =+IF(F16=0,0,F16/(F16+G16+J16)) -> 0.075 | AF16: =+IFERROR(F16/(F16+G16),0) -> 0.80098862 | AG16: =+F16/(F16+AQ16+J16) -> 0.075 | AH16: =IF(SUM(N16:O16)=0,F16,F16/SUM(N16:O16)) -> 27 | AI16: =+IF(O16=0,F16,F16/O16) -> 27 | AJ16: =IFERROR(AQ16/SUM(N16:O16),0) -> 6.7083441 | AK16: =IF(M16=0,0,M16/SUM(M16:O16)) -> 0 | AL16: =IF(N16+O16+P16=0,0,(N16+P16)/(N16+O16+P16)) -> 0 | AM16: =IF(O16+N16+P16=0,0,O16/(N16+O16+P16)) -> 1 | AN16: =IF(R16+S16=0,0,R16/(R16+S16)) -> 0 | AO16: =IF(R16+S16=0,0,S16/(R16+S16)) -> 1 | AQ16: =+SUM(Q16:S16) -> 13.416688 | AR16: =+SUM(N16:O16) -> 2 | AT16: OB x 7 Unit | AV16: 0.9 | AW16: 120 | AX16: 6
A17: =+A16+1 -> 8 | B17: DT MERCY 037 | C17: =VLOOKUP(B17,Sort!B:C,2,FALSE) -> AXOR 3336K | D17: {=INDEX(HM_Unit!D:D,MATCH('Summary KPI'!B17,HM_Unit!A:A,0))} -> 15606 | E17: {=INDEX(HM_Unit!CD:CD,MATCH('Summary KPI'!B17,HM_Unit!A:A,0))} -> 15945 | F17: =E17-D17 -> 339 | G17: =SUM(R17:S17) -> 163.06693 | H17: =Q17 -> 0 | I17: =+Z17 -> 0 | J17: =L17-F17-I17-G17-H17 -> 217.93307 | K17: =$J$5*24 -> 720 | L17: =$H$5*24 -> 720 | M17: =SUMIFS('Data Down'!U:U,'Data Down'!D:D,'Summary KPI'!B17,'Data Down'!Q:Q,'Summary KPI'!$M$8,'Data Down'!$C:$C,"<="&'Summary KPI'!$G$5,'Data Down'!$C:$C,">="&'Summary KPI'!$E$5) -> 0 | N17: =SUMIFS('Data Down'!U:U,'Data Down'!D:D,'Summary KPI'!B17,'Data Down'!Q:Q,'Summary KPI'!$N$8,'Data Down'!$C:$C,"<="&'Summary KPI'!$G$5,'Data Down'!$C:$C,">="&'Summary KPI'!$E$5) -> 2 | O17: =SUMIFS('Data Down'!U:U,'Data Down'!D:D,'Summary KPI'!B17,'Data Down'!Q:Q,'Summary KPI'!$O$8,'Data Down'!$C:$C,"<="&'Summary KPI'!$G$5,'Data Down'!$C:$C,">="&'Summary KPI'!$E$5) -> 16 | P17: =SUMIFS('Data Down'!U:U,'Data Down'!D:D,'Summary KPI'!B17,'Data Down'!Q:Q,'Summary KPI'!$P$8,'Data Down'!$C:$C,"<="&'Summary KPI'!$G$5,'Data Down'!$C:$C,">="&'Summary KPI'!$E$5) -> 0 | Q17: =SUMIFS('Data Down'!N:N,'Data Down'!$D:$D,'Summary KPI'!$B17,'Data Down'!$Q:$Q,'Summary KPI'!$Q$8,'Data Down'!$C:$C,"<="&'Summary KPI'!$G$5,'Data Down'!$C:$C,">="&'Summary KPI'!$E$5) -> 0 | R17: =SUMIFS('Data Down'!N:N,'Data Down'!D:D,'Summary KPI'!B17,'Data Down'!Q:Q,'Summary KPI'!$R$8,'Data Down'!$C:$C,"<="&'Summary KPI'!$G$5,'Data Down'!$C:$C,">="&'Summary KPI'!$E$5) -> 36.866726 | S17: =SUMIFS('Data Down'!N:N,'Data Down'!D:D,'Summary KPI'!B17,'Data Down'!Q:Q,'Summary KPI'!$S$8,'Data Down'!$C:$C,"<="&'Summary KPI'!$G$5,'Data Down'!$C:$C,">="&'Summary KPI'!$E$5) -> 126.2002 | T17: =SUMIFS('Data Down'!N:N,'Data Down'!D:D,'Summary KPI'!B17,'Data Down'!Q:Q,'Summary KPI'!$T$8,'Data Down'!$C:$C,"<="&'Summary KPI'!$G$5,'Data Down'!$C:$C,">="&'Summary KPI'!$E$5) -> 0 | U17: =+SUMIFS('Data Down'!$N:$N,'Data Down'!$D:$D,'Summary KPI'!B17,'Data Down'!$R:$R,'Summary KPI'!$U$7,'Data Down'!$C:$C,"<="&'Summary KPI'!$G$5,'Data Down'!$C:$C,">="&'Summary KPI'!$E$5) -> 0 | V17: =+SUMIFS('Data Down'!$N:$N,'Data Down'!$D:$D,'Summary KPI'!B17,'Data Down'!$R:$R,'Summary KPI'!$V$7,'Data Down'!$C:$C,"<="&'Summary KPI'!$G$5,'Data Down'!$C:$C,">="&'Summary KPI'!$E$5) -> 0 | W17: =+SUMIFS('Data Down'!$N:$N,'Data Down'!$D:$D,'Summary KPI'!B17,'Data Down'!$R:$R,'Summary KPI'!$W$7,'Data Down'!$C:$C,"<="&'Summary KPI'!$G$5,'Data Down'!$C:$C,">="&'Summary KPI'!$E$5) -> 0 | X17: =+SUMIFS('Data Down'!$N:$N,'Data Down'!$D:$D,'Summary KPI'!B17,'Data Down'!$R:$R,'Summary KPI'!$X$7,'Data Down'!$C:$C,"<="&'Summary KPI'!$G$5,'Data Down'!$C:$C,">="&'Summary KPI'!$E$5) -> 0 | Y17: =+SUMIFS('Data Down'!$N:$N,'Data Down'!$D:$D,'Summary KPI'!B17,'Data Down'!$R:$R,'Summary KPI'!$Y$7,'Data Down'!$C:$C,"<="&'Summary KPI'!$G$5,'Data Down'!$C:$C,">="&'Summary KPI'!$E$5) -> 163.06693 | Z17: =+SUMIFS('Data Down'!$N:$N,'Data Down'!$D:$D,'Summary KPI'!B17,'Data Down'!$R:$R,'Summary KPI'!$Z$7,'Data Down'!$C:$C,"<="&'Summary KPI'!$G$5,'Data Down'!$C:$C,">="&'Summary KPI'!$E$5) -> 0 | AA17: =+SUMIFS('Data Down'!$N:$N,'Data Down'!$D:$D,'Summary KPI'!B17,'Data Down'!$R:$R,'Summary KPI'!$AA$7,'Data Down'!$C:$C,"<="&'Summary KPI'!$G$5,'Data Down'!$C:$C,">="&'Summary KPI'!$E$5) -> 0 | AB17: =+SUMIFS('Data Down'!$N:$N,'Data Down'!$D:$D,'Summary KPI'!B17,'Data Down'!$R:$R,'Summary KPI'!$AB$7,'Data Down'!$C:$C,"<="&'Summary KPI'!$G$5,'Data Down'!$C:$C,">="&'Summary KPI'!$E$5) -> 0 | AC17: =+SUMIFS('Data Down'!$N:$N,'Data Down'!$D:$D,'Summary KPI'!B17,'Data Down'!$R:$R,'Summary KPI'!$AC$7,'Data Down'!$C:$C,"<="&'Summary KPI'!$G$5,'Data Down'!$C:$C,">="&'Summary KPI'!$E$5) -> 0 | AD17: =(L17-AQ17)/L17 -> 0.77351816 | AE17: =+IF(F17=0,0,F17/(F17+G17+J17)) -> 0.47083333 | AF17: =+IFERROR(F17/(F17+G17),0) -> 0.67520878 | AG17: =+F17/(F17+AQ17+J17) -> 0.47083333 | AH17: =IF(SUM(N17:O17)=0,F17,F17/SUM(N17:O17)) -> 18.833333 | AI17: =+IF(O17=0,F17,F17/O17) -> 21.1875 | AJ17: =IFERROR(AQ17/SUM(N17:O17),0) -> 9.0592738 | AK17: =IF(M17=0,0,M17/SUM(M17:O17)) -> 0 | AL17: =IF(N17+O17+P17=0,0,(N17+P17)/(N17+O17+P17)) -> 0.11111111 | AM17: =IF(O17+N17+P17=0,0,O17/(N17+O17+P17)) -> 0.88888889 | AN17: =IF(R17+S17=0,0,R17/(R17+S17)) -> 0.2260834 | AO17: =IF(R17+S17=0,0,S17/(R17+S17)) -> 0.7739166 | AQ17: =+SUM(Q17:S17) -> 163.06693 | AR17: =+SUM(N17:O17) -> 18 | AT17: OB x 30 Unit TKI | AV17: 0.9 | AW17: 120 | AX17: 6
A18: =+A17+1 -> 9 | B18: DT MERCY 038 | C18: =VLOOKUP(B18,Sort!B:C,2,FALSE) -> AXOR 3336K | D18: {=INDEX(HM_Unit!D:D,MATCH('Summary KPI'!B18,HM_Unit!A:A,0))} -> 18765 | E18: {=INDEX(HM_Unit!CD:CD,MATCH('Summary KPI'!B18,HM_Unit!A:A,0))} -> 19158 | F18: =E18-D18 -> 393 | G18: =SUM(R18:S18) -> 55.866756 | H18: =Q18 -> 0 | I18: =+Z18 -> 0 | J18: =L18-F18-I18-G18-H18 -> 271.13324 | K18: =$J$5*24 -> 720 | L18: =$H$5*24 -> 720 | M18: =SUMIFS('Data Down'!U:U,'Data Down'!D:D,'Summary KPI'!B18,'Data Down'!Q:Q,'Summary KPI'!$M$8,'Data Down'!$C:$C,"<="&'Summary KPI'!$G$5,'Data Down'!$C:$C,">="&'Summary KPI'!$E$5) -> 0 | N18: =SUMIFS('Data Down'!U:U,'Data Down'!D:D,'Summary KPI'!B18,'Data Down'!Q:Q,'Summary KPI'!$N$8,'Data Down'!$C:$C,"<="&'Summary KPI'!$G$5,'Data Down'!$C:$C,">="&'Summary KPI'!$E$5) -> 4 | O18: =SUMIFS('Data Down'!U:U,'Data Down'!D:D,'Summary KPI'!B18,'Data Down'!Q:Q,'Summary KPI'!$O$8,'Data Down'!$C:$C,"<="&'Summary KPI'!$G$5,'Data Down'!$C:$C,">="&'Summary KPI'!$E$5) -> 16 | P18: =SUMIFS('Data Down'!U:U,'Data Down'!D:D,'Summary KPI'!B18,'Data Down'!Q:Q,'Summary KPI'!$P$8,'Data Down'!$C:$C,"<="&'Summary KPI'!$G$5,'Data Down'!$C:$C,">="&'Summary KPI'!$E$5) -> 0 | Q18: =SUMIFS('Data Down'!N:N,'Data Down'!$D:$D,'Summary KPI'!$B18,'Data Down'!$Q:$Q,'Summary KPI'!$Q$8,'Data Down'!$C:$C,"<="&'Summary KPI'!$G$5,'Data Down'!$C:$C,">="&'Summary KPI'!$E$5) -> 0 | R18: =SUMIFS('Data Down'!N:N,'Data Down'!D:D,'Summary KPI'!B18,'Data Down'!Q:Q,'Summary KPI'!$R$8,'Data Down'!$C:$C,"<="&'Summary KPI'!$G$5,'Data Down'!$C:$C,">="&'Summary KPI'!$E$5) -> 3.6666725 | S18: =SUMIFS('Data Down'!N:N,'Data Down'!D:D,'Summary KPI'!B18,'Data Down'!Q:Q,'Summary KPI'!$S$8,'Data Down'!$C:$C,"<="&'Summary KPI'!$G$5,'Data Down'!$C:$C,">="&'Summary KPI'!$E$5) -> 52.200084 | T18: =SUMIFS('Data Down'!N:N,'Data Down'!D:D,'Summary KPI'!B18,'Data Down'!Q:Q,'Summary KPI'!$T$8,'Data Down'!$C:$C,"<="&'Summary KPI'!$G$5,'Data Down'!$C:$C,">="&'Summary KPI'!$E$5) -> 0 | U18: =+SUMIFS('Data Down'!$N:$N,'Data Down'!$D:$D,'Summary KPI'!B18,'Data Down'!$R:$R,'Summary KPI'!$U$7,'Data Down'!$C:$C,"<="&'Summary KPI'!$G$5,'Data Down'!$C:$C,">="&'Summary KPI'!$E$5) -> 0 | V18: =+SUMIFS('Data Down'!$N:$N,'Data Down'!$D:$D,'Summary KPI'!B18,'Data Down'!$R:$R,'Summary KPI'!$V$7,'Data Down'!$C:$C,"<="&'Summary KPI'!$G$5,'Data Down'!$C:$C,">="&'Summary KPI'!$E$5) -> 0 | W18: =+SUMIFS('Data Down'!$N:$N,'Data Down'!$D:$D,'Summary KPI'!B18,'Data Down'!$R:$R,'Summary KPI'!$W$7,'Data Down'!$C:$C,"<="&'Summary KPI'!$G$5,'Data Down'!$C:$C,">="&'Summary KPI'!$E$5) -> 0 | X18: =+SUMIFS('Data Down'!$N:$N,'Data Down'!$D:$D,'Summary KPI'!B18,'Data Down'!$R:$R,'Summary KPI'!$X$7,'Data Down'!$C:$C,"<="&'Summary KPI'!$G$5,'Data Down'!$C:$C,">="&'Summary KPI'!$E$5) -> 0 | Y18: =+SUMIFS('Data Down'!$N:$N,'Data Down'!$D:$D,'Summary KPI'!B18,'Data Down'!$R:$R,'Summary KPI'!$Y$7,'Data Down'!$C:$C,"<="&'Summary KPI'!$G$5,'Data Down'!$C:$C,">="&'Summary KPI'!$E$5) -> 55.866756 | Z18: =+SUMIFS('Data Down'!$N:$N,'Data Down'!$D:$D,'Summary KPI'!B18,'Data Down'!$R:$R,'Summary KPI'!$Z$7,'Data Down'!$C:$C,"<="&'Summary KPI'!$G$5,'Data Down'!$C:$C,">="&'Summary KPI'!$E$5) -> 0 | AA18: =+SUMIFS('Data Down'!$N:$N,'Data Down'!$D:$D,'Summary KPI'!B18,'Data Down'!$R:$R,'Summary KPI'!$AA$7,'Data Down'!$C:$C,"<="&'Summary KPI'!$G$5,'Data Down'!$C:$C,">="&'Summary KPI'!$E$5) -> 0 | AB18: =+SUMIFS('Data Down'!$N:$N,'Data Down'!$D:$D,'Summary KPI'!B18,'Data Down'!$R:$R,'Summary KPI'!$AB$7,'Data Down'!$C:$C,"<="&'Summary KPI'!$G$5,'Data Down'!$C:$C,">="&'Summary KPI'!$E$5) -> 0 | AC18: =+SUMIFS('Data Down'!$N:$N,'Data Down'!$D:$D,'Summary KPI'!B18,'Data Down'!$R:$R,'Summary KPI'!$AC$7,'Data Down'!$C:$C,"<="&'Summary KPI'!$G$5,'Data Down'!$C:$C,">="&'Summary KPI'!$E$5) -> 0 | AD18: =(L18-AQ18)/L18 -> 0.92240728 | AE18: =+IF(F18=0,0,F18/(F18+G18+J18)) -> 0.54583333 | AF18: =+IFERROR(F18/(F18+G18),0) -> 0.87553822 | AG18: =+F18/(F18+AQ18+J18) -> 0.54583333 | AH18: =IF(SUM(N18:O18)=0,F18,F18/SUM(N18:O18)) -> 19.65 | AI18: =+IF(O18=0,F18,F18/O18) -> 24.5625 | AJ18: =IFERROR(AQ18/SUM(N18:O18),0) -> 2.7933378 | AK18: =IF(M18=0,0,M18/SUM(M18:O18)) -> 0 | AL18: =IF(N18+O18+P18=0,0,(N18+P18)/(N18+O18+P18)) -> 0.2 | AM18: =IF(O18+N18+P18=0,0,O18/(N18+O18+P18)) -> 0.8 | AN18: =IF(R18+S18=0,0,R18/(R18+S18)) -> 0.065632458 | AO18: =IF(R18+S18=0,0,S18/(R18+S18)) -> 0.93436754 | AQ18: =+SUM(Q18:S18) -> 55.866756 | AR18: =+SUM(N18:O18) -> 20 | AT18: OB x 30 Unit TKI | AV18: 0.9 | AW18: 120 | AX18: 6
A19: =+A18+1 -> 10 | B19: DT MERCY 039 | C19: =VLOOKUP(B19,Sort!B:C,2,FALSE) -> AXOR 3336K | D19: {=INDEX(HM_Unit!D:D,MATCH('Summary KPI'!B19,HM_Unit!A:A,0))} -> 18054 | E19: {=INDEX(HM_Unit!CD:CD,MATCH('Summary KPI'!B19,HM_Unit!A:A,0))} -> 18302 | F19: =E19-D19 -> 248 | G19: =SUM(R19:S19) -> 260.33375 | H19: =Q19 -> 0 | I19: =+Z19 -> 0 | J19: =L19-F19-I19-G19-H19 -> 211.66625 | K19: =$J$5*24 -> 720 | L19: =$H$5*24 -> 720 | M19: =SUMIFS('Data Down'!U:U,'Data Down'!D:D,'Summary KPI'!B19,'Data Down'!Q:Q,'Summary KPI'!$M$8,'Data Down'!$C:$C,"<="&'Summary KPI'!$G$5,'Data Down'!$C:$C,">="&'Summary KPI'!$E$5) -> 0 | N19: =SUMIFS('Data Down'!U:U,'Data Down'!D:D,'Summary KPI'!B19,'Data Down'!Q:Q,'Summary KPI'!$N$8,'Data Down'!$C:$C,"<="&'Summary KPI'!$G$5,'Data Down'!$C:$C,">="&'Summary KPI'!$E$5) -> 3 | O19: =SUMIFS('Data Down'!U:U,'Data Down'!D:D,'Summary KPI'!B19,'Data Down'!Q:Q,'Summary KPI'!$O$8,'Data Down'!$C:$C,"<="&'Summary KPI'!$G$5,'Data Down'!$C:$C,">="&'Summary KPI'!$E$5) -> 15 | P19: =SUMIFS('Data Down'!U:U,'Data Down'!D:D,'Summary KPI'!B19,'Data Down'!Q:Q,'Summary KPI'!$P$8,'Data Down'!$C:$C,"<="&'Summary KPI'!$G$5,'Data Down'!$C:$C,">="&'Summary KPI'!$E$5) -> 0 | Q19: =SUMIFS('Data Down'!N:N,'Data Down'!$D:$D,'Summary KPI'!$B19,'Data Down'!$Q:$Q,'Summary KPI'!$Q$8,'Data Down'!$C:$C,"<="&'Summary KPI'!$G$5,'Data Down'!$C:$C,">="&'Summary KPI'!$E$5) -> 0 | R19: =SUMIFS('Data Down'!N:N,'Data Down'!D:D,'Summary KPI'!B19,'Data Down'!Q:Q,'Summary KPI'!$R$8,'Data Down'!$C:$C,"<="&'Summary KPI'!$G$5,'Data Down'!$C:$C,">="&'Summary KPI'!$E$5) -> 8.9000142 | S19: =SUMIFS('Data Down'!N:N,'Data Down'!D:D,'Summary KPI'!B19,'Data Down'!Q:Q,'Summary KPI'!$S$8,'Data Down'!$C:$C,"<="&'Summary KPI'!$G$5,'Data Down'!$C:$C,">="&'Summary KPI'!$E$5) -> 251.43374 | T19: =SUMIFS('Data Down'!N:N,'Data Down'!D:D,'Summary KPI'!B19,'Data Down'!Q:Q,'Summary KPI'!$T$8,'Data Down'!$C:$C,"<="&'Summary KPI'!$G$5,'Data Down'!$C:$C,">="&'Summary KPI'!$E$5) -> 0 | U19: =+SUMIFS('Data Down'!$N:$N,'Data Down'!$D:$D,'Summary KPI'!B19,'Data Down'!$R:$R,'Summary KPI'!$U$7,'Data Down'!$C:$C,"<="&'Summary KPI'!$G$5,'Data Down'!$C:$C,">="&'Summary KPI'!$E$5) -> 0 | V19: =+SUMIFS('Data Down'!$N:$N,'Data Down'!$D:$D,'Summary KPI'!B19,'Data Down'!$R:$R,'Summary KPI'!$V$7,'Data Down'!$C:$C,"<="&'Summary KPI'!$G$5,'Data Down'!$C:$C,">="&'Summary KPI'!$E$5) -> 0 | W19: =+SUMIFS('Data Down'!$N:$N,'Data Down'!$D:$D,'Summary KPI'!B19,'Data Down'!$R:$R,'Summary KPI'!$W$7,'Data Down'!$C:$C,"<="&'Summary KPI'!$G$5,'Data Down'!$C:$C,">="&'Summary KPI'!$E$5) -> 0 | X19: =+SUMIFS('Data Down'!$N:$N,'Data Down'!$D:$D,'Summary KPI'!B19,'Data Down'!$R:$R,'Summary KPI'!$X$7,'Data Down'!$C:$C,"<="&'Summary KPI'!$G$5,'Data Down'!$C:$C,">="&'Summary KPI'!$E$5) -> 0 | Y19: =+SUMIFS('Data Down'!$N:$N,'Data Down'!$D:$D,'Summary KPI'!B19,'Data Down'!$R:$R,'Summary KPI'!$Y$7,'Data Down'!$C:$C,"<="&'Summary KPI'!$G$5,'Data Down'!$C:$C,">="&'Summary KPI'!$E$5) -> 260.33375 | Z19: =+SUMIFS('Data Down'!$N:$N,'Data Down'!$D:$D,'Summary KPI'!B19,'Data Down'!$R:$R,'Summary KPI'!$Z$7,'Data Down'!$C:$C,"<="&'Summary KPI'!$G$5,'Data Down'!$C:$C,">="&'Summary KPI'!$E$5) -> 0 | AA19: =+SUMIFS('Data Down'!$N:$N,'Data Down'!$D:$D,'Summary KPI'!B19,'Data Down'!$R:$R,'Summary KPI'!$AA$7,'Data Down'!$C:$C,"<="&'Summary KPI'!$G$5,'Data Down'!$C:$C,">="&'Summary KPI'!$E$5) -> 0 | AB19: =+SUMIFS('Data Down'!$N:$N,'Data Down'!$D:$D,'Summary KPI'!B19,'Data Down'!$R:$R,'Summary KPI'!$AB$7,'Data Down'!$C:$C,"<="&'Summary KPI'!$G$5,'Data Down'!$C:$C,">="&'Summary KPI'!$E$5) -> 0 | AC19: =+SUMIFS('Data Down'!$N:$N,'Data Down'!$D:$D,'Summary KPI'!B19,'Data Down'!$R:$R,'Summary KPI'!$AC$7,'Data Down'!$C:$C,"<="&'Summary KPI'!$G$5,'Data Down'!$C:$C,">="&'Summary KPI'!$E$5) -> 0 | AD19: =(L19-AQ19)/L19 -> 0.63842535 | AE19: =+IF(F19=0,0,F19/(F19+G19+J19)) -> 0.34444444 | AF19: =+IFERROR(F19/(F19+G19),0) -> 0.48786845 | AG19: =+F19/(F19+AQ19+J19) -> 0.34444444 | AH19: =IF(SUM(N19:O19)=0,F19,F19/SUM(N19:O19)) -> 13.777778 | AI19: =+IF(O19=0,F19,F19/O19) -> 16.533333 | AJ19: =IFERROR(AQ19/SUM(N19:O19),0) -> 14.462986 | AK19: =IF(M19=0,0,M19/SUM(M19:O19)) -> 0 | AL19: =IF(N19+O19+P19=0,0,(N19+P19)/(N19+O19+P19)) -> 0.16666667 | AM19: =IF(O19+N19+P19=0,0,O19/(N19+O19+P19)) -> 0.83333333 | AN19: =IF(R19+S19=0,0,R19/(R19+S19)) -> 0.03418694 | AO19: =IF(R19+S19=0,0,S19/(R19+S19)) -> 0.96581306 | AQ19: =+SUM(Q19:S19) -> 260.33375 | AR19: =+SUM(N19:O19) -> 18 | AT19: OB x 30 Unit TKI | AV19: 0.9 | AW19: 120 | AX19: 6
A20: =+A19+1 -> 11 | B20: DT MERCY 040 | C20: =VLOOKUP(B20,Sort!B:C,2,FALSE) -> AXOR 3336K | D20: {=INDEX(HM_Unit!D:D,MATCH('Summary KPI'!B20,HM_Unit!A:A,0))} -> 17501 | E20: {=INDEX(HM_Unit!CD:CD,MATCH('Summary KPI'!B20,HM_Unit!A:A,0))} -> 17890 | F20: =E20-D20 -> 389 | G20: =SUM(R20:S20) -> 60.700097 | H20: =Q20 -> 0 | I20: =+Z20 -> 0 | J20: =L20-F20-I20-G20-H20 -> 270.2999 | K20: =$J$5*24 -> 720 | L20: =$H$5*24 -> 720 | M20: =SUMIFS('Data Down'!U:U,'Data Down'!D:D,'Summary KPI'!B20,'Data Down'!Q:Q,'Summary KPI'!$M$8,'Data Down'!$C:$C,"<="&'Summary KPI'!$G$5,'Data Down'!$C:$C,">="&'Summary KPI'!$E$5) -> 0 | N20: =SUMIFS('Data Down'!U:U,'Data Down'!D:D,'Summary KPI'!B20,'Data Down'!Q:Q,'Summary KPI'!$N$8,'Data Down'!$C:$C,"<="&'Summary KPI'!$G$5,'Data Down'!$C:$C,">="&'Summary KPI'!$E$5) -> 5 | O20: =SUMIFS('Data Down'!U:U,'Data Down'!D:D,'Summary KPI'!B20,'Data Down'!Q:Q,'Summary KPI'!$O$8,'Data Down'!$C:$C,"<="&'Summary KPI'!$G$5,'Data Down'!$C:$C,">="&'Summary KPI'!$E$5) -> 26 | P20: =SUMIFS('Data Down'!U:U,'Data Down'!D:D,'Summary KPI'!B20,'Data Down'!Q:Q,'Summary KPI'!$P$8,'Data Down'!$C:$C,"<="&'Summary KPI'!$G$5,'Data Down'!$C:$C,">="&'Summary KPI'!$E$5) -> 0 | Q20: =SUMIFS('Data Down'!N:N,'Data Down'!$D:$D,'Summary KPI'!$B20,'Data Down'!$Q:$Q,'Summary KPI'!$Q$8,'Data Down'!$C:$C,"<="&'Summary KPI'!$G$5,'Data Down'!$C:$C,">="&'Summary KPI'!$E$5) -> 0 | R20: =SUMIFS('Data Down'!N:N,'Data Down'!D:D,'Summary KPI'!B20,'Data Down'!Q:Q,'Summary KPI'!$R$8,'Data Down'!$C:$C,"<="&'Summary KPI'!$G$5,'Data Down'!$C:$C,">="&'Summary KPI'!$E$5) -> 14.800024 | S20: =SUMIFS('Data Down'!N:N,'Data Down'!D:D,'Summary KPI'!B20,'Data Down'!Q:Q,'Summary KPI'!$S$8,'Data Down'!$C:$C,"<="&'Summary KPI'!$G$5,'Data Down'!$C:$C,">="&'Summary KPI'!$E$5) -> 45.900073 | T20: =SUMIFS('Data Down'!N:N,'Data Down'!D:D,'Summary KPI'!B20,'Data Down'!Q:Q,'Summary KPI'!$T$8,'Data Down'!$C:$C,"<="&'Summary KPI'!$G$5,'Data Down'!$C:$C,">="&'Summary KPI'!$E$5) -> 0 | U20: =+SUMIFS('Data Down'!$N:$N,'Data Down'!$D:$D,'Summary KPI'!B20,'Data Down'!$R:$R,'Summary KPI'!$U$7,'Data Down'!$C:$C,"<="&'Summary KPI'!$G$5,'Data Down'!$C:$C,">="&'Summary KPI'!$E$5) -> 0 | V20: =+SUMIFS('Data Down'!$N:$N,'Data Down'!$D:$D,'Summary KPI'!B20,'Data Down'!$R:$R,'Summary KPI'!$V$7,'Data Down'!$C:$C,"<="&'Summary KPI'!$G$5,'Data Down'!$C:$C,">="&'Summary KPI'!$E$5) -> 0 | W20: =+SUMIFS('Data Down'!$N:$N,'Data Down'!$D:$D,'Summary KPI'!B20,'Data Down'!$R:$R,'Summary KPI'!$W$7,'Data Down'!$C:$C,"<="&'Summary KPI'!$G$5,'Data Down'!$C:$C,">="&'Summary KPI'!$E$5) -> 0 | X20: =+SUMIFS('Data Down'!$N:$N,'Data Down'!$D:$D,'Summary KPI'!B20,'Data Down'!$R:$R,'Summary KPI'!$X$7,'Data Down'!$C:$C,"<="&'Summary KPI'!$G$5,'Data Down'!$C:$C,">="&'Summary KPI'!$E$5) -> 0 | Y20: =+SUMIFS('Data Down'!$N:$N,'Data Down'!$D:$D,'Summary KPI'!B20,'Data Down'!$R:$R,'Summary KPI'!$Y$7,'Data Down'!$C:$C,"<="&'Summary KPI'!$G$5,'Data Down'!$C:$C,">="&'Summary KPI'!$E$5) -> 60.700097 | Z20: =+SUMIFS('Data Down'!$N:$N,'Data Down'!$D:$D,'Summary KPI'!B20,'Data Down'!$R:$R,'Summary KPI'!$Z$7,'Data Down'!$C:$C,"<="&'Summary KPI'!$G$5,'Data Down'!$C:$C,">="&'Summary KPI'!$E$5) -> 0 | AA20: =+SUMIFS('Data Down'!$N:$N,'Data Down'!$D:$D,'Summary KPI'!B20,'Data Down'!$R:$R,'Summary KPI'!$AA$7,'Data Down'!$C:$C,"<="&'Summary KPI'!$G$5,'Data Down'!$C:$C,">="&'Summary KPI'!$E$5) -> 0 | AB20: =+SUMIFS('Data Down'!$N:$N,'Data Down'!$D:$D,'Summary KPI'!B20,'Data Down'!$R:$R,'Summary KPI'!$AB$7,'Data Down'!$C:$C,"<="&'Summary KPI'!$G$5,'Data Down'!$C:$C,">="&'Summary KPI'!$E$5) -> 0 | AC20: =+SUMIFS('Data Down'!$N:$N,'Data Down'!$D:$D,'Summary KPI'!B20,'Data Down'!$R:$R,'Summary KPI'!$AC$7,'Data Down'!$C:$C,"<="&'Summary KPI'!$G$5,'Data Down'!$C:$C,">="&'Summary KPI'!$E$5) -> 0 | AD20: =(L20-AQ20)/L20 -> 0.91569431 | AE20: =+IF(F20=0,0,F20/(F20+G20+J20)) -> 0.54027778 | AF20: =+IFERROR(F20/(F20+G20),0) -> 0.86502094 | AG20: =+F20/(F20+AQ20+J20) -> 0.54027778 | AH20: =IF(SUM(N20:O20)=0,F20,F20/SUM(N20:O20)) -> 12.548387 | AI20: =+IF(O20=0,F20,F20/O20) -> 14.961538 | AJ20: =IFERROR(AQ20/SUM(N20:O20),0) -> 1.9580676 | AK20: =IF(M20=0,0,M20/SUM(M20:O20)) -> 0 | AL20: =IF(N20+O20+P20=0,0,(N20+P20)/(N20+O20+P20)) -> 0.16129032 | AM20: =IF(O20+N20+P20=0,0,O20/(N20+O20+P20)) -> 0.83870968 | AN20: =IF(R20+S20=0,0,R20/(R20+S20)) -> 0.24382208 | AO20: =IF(R20+S20=0,0,S20/(R20+S20)) -> 0.75617792 | AQ20: =+SUM(Q20:S20) -> 60.700097 | AR20: =+SUM(N20:O20) -> 31 | AT20: OB x 30 Unit TKI | AV20: 0.9 | AW20: 120 | AX20: 6
A21: =+A20+1 -> 12 | B21: DT MERCY 041 | C21: =VLOOKUP(B21,Sort!B:C,2,FALSE) -> AXOR 3336K | D21: {=INDEX(HM_Unit!D:D,MATCH('Summary KPI'!B21,HM_Unit!A:A,0))} -> 17922 | E21: {=INDEX(HM_Unit!CD:CD,MATCH('Summary KPI'!B21,HM_Unit!A:A,0))} -> 18308 | F21: =E21-D21 -> 386 | G21: =SUM(R21:S21) -> 34.916723 | H21: =Q21 -> 0 | I21: =+Z21 -> 0 | J21: =L21-F21-I21-G21-H21 -> 299.08328 | K21: =$J$5*24 -> 720 | L21: =$H$5*24 -> 720 | M21: =SUMIFS('Data Down'!U:U,'Data Down'!D:D,'Summary KPI'!B21,'Data Down'!Q:Q,'Summary KPI'!$M$8,'Data Down'!$C:$C,"<="&'Summary KPI'!$G$5,'Data Down'!$C:$C,">="&'Summary KPI'!$E$5) -> 0 | N21: =SUMIFS('Data Down'!U:U,'Data Down'!D:D,'Summary KPI'!B21,'Data Down'!Q:Q,'Summary KPI'!$N$8,'Data Down'!$C:$C,"<="&'Summary KPI'!$G$5,'Data Down'!$C:$C,">="&'Summary KPI'!$E$5) -> 5 | O21: =SUMIFS('Data Down'!U:U,'Data Down'!D:D,'Summary KPI'!B21,'Data Down'!Q:Q,'Summary KPI'!$O$8,'Data Down'!$C:$C,"<="&'Summary KPI'!$G$5,'Data Down'!$C:$C,">="&'Summary KPI'!$E$5) -> 17 | P21: =SUMIFS('Data Down'!U:U,'Data Down'!D:D,'Summary KPI'!B21,'Data Down'!Q:Q,'Summary KPI'!$P$8,'Data Down'!$C:$C,"<="&'Summary KPI'!$G$5,'Data Down'!$C:$C,">="&'Summary KPI'!$E$5) -> 0 | Q21: =SUMIFS('Data Down'!N:N,'Data Down'!$D:$D,'Summary KPI'!$B21,'Data Down'!$Q:$Q,'Summary KPI'!$Q$8,'Data Down'!$C:$C,"<="&'Summary KPI'!$G$5,'Data Down'!$C:$C,">="&'Summary KPI'!$E$5) -> 0 | R21: =SUMIFS('Data Down'!N:N,'Data Down'!D:D,'Summary KPI'!B21,'Data Down'!Q:Q,'Summary KPI'!$R$8,'Data Down'!$C:$C,"<="&'Summary KPI'!$G$5,'Data Down'!$C:$C,">="&'Summary KPI'!$E$5) -> 10.700017 | S21: =SUMIFS('Data Down'!N:N,'Data Down'!D:D,'Summary KPI'!B21,'Data Down'!Q:Q,'Summary KPI'!$S$8,'Data Down'!$C:$C,"<="&'Summary KPI'!$G$5,'Data Down'!$C:$C,">="&'Summary KPI'!$E$5) -> 24.216705 | T21: =SUMIFS('Data Down'!N:N,'Data Down'!D:D,'Summary KPI'!B21,'Data Down'!Q:Q,'Summary KPI'!$T$8,'Data Down'!$C:$C,"<="&'Summary KPI'!$G$5,'Data Down'!$C:$C,">="&'Summary KPI'!$E$5) -> 0 | U21: =+SUMIFS('Data Down'!$N:$N,'Data Down'!$D:$D,'Summary KPI'!B21,'Data Down'!$R:$R,'Summary KPI'!$U$7,'Data Down'!$C:$C,"<="&'Summary KPI'!$G$5,'Data Down'!$C:$C,">="&'Summary KPI'!$E$5) -> 0 | V21: =+SUMIFS('Data Down'!$N:$N,'Data Down'!$D:$D,'Summary KPI'!B21,'Data Down'!$R:$R,'Summary KPI'!$V$7,'Data Down'!$C:$C,"<="&'Summary KPI'!$G$5,'Data Down'!$C:$C,">="&'Summary KPI'!$E$5) -> 0 | W21: =+SUMIFS('Data Down'!$N:$N,'Data Down'!$D:$D,'Summary KPI'!B21,'Data Down'!$R:$R,'Summary KPI'!$W$7,'Data Down'!$C:$C,"<="&'Summary KPI'!$G$5,'Data Down'!$C:$C,">="&'Summary KPI'!$E$5) -> 0 | X21: =+SUMIFS('Data Down'!$N:$N,'Data Down'!$D:$D,'Summary KPI'!B21,'Data Down'!$R:$R,'Summary KPI'!$X$7,'Data Down'!$C:$C,"<="&'Summary KPI'!$G$5,'Data Down'!$C:$C,">="&'Summary KPI'!$E$5) -> 0 | Y21: =+SUMIFS('Data Down'!$N:$N,'Data Down'!$D:$D,'Summary KPI'!B21,'Data Down'!$R:$R,'Summary KPI'!$Y$7,'Data Down'!$C:$C,"<="&'Summary KPI'!$G$5,'Data Down'!$C:$C,">="&'Summary KPI'!$E$5) -> 34.916723 | Z21: =+SUMIFS('Data Down'!$N:$N,'Data Down'!$D:$D,'Summary KPI'!B21,'Data Down'!$R:$R,'Summary KPI'!$Z$7,'Data Down'!$C:$C,"<="&'Summary KPI'!$G$5,'Data Down'!$C:$C,">="&'Summary KPI'!$E$5) -> 0 | AA21: =+SUMIFS('Data Down'!$N:$N,'Data Down'!$D:$D,'Summary KPI'!B21,'Data Down'!$R:$R,'Summary KPI'!$AA$7,'Data Down'!$C:$C,"<="&'Summary KPI'!$G$5,'Data Down'!$C:$C,">="&'Summary KPI'!$E$5) -> 0 | AB21: =+SUMIFS('Data Down'!$N:$N,'Data Down'!$D:$D,'Summary KPI'!B21,'Data Down'!$R:$R,'Summary KPI'!$AB$7,'Data Down'!$C:$C,"<="&'Summary KPI'!$G$5,'Data Down'!$C:$C,">="&'Summary KPI'!$E$5) -> 0 | AC21: =+SUMIFS('Data Down'!$N:$N,'Data Down'!$D:$D,'Summary KPI'!B21,'Data Down'!$R:$R,'Summary KPI'!$AC$7,'Data Down'!$C:$C,"<="&'Summary KPI'!$G$5,'Data Down'!$C:$C,">="&'Summary KPI'!$E$5) -> 0 | AD21: =(L21-AQ21)/L21 -> 0.95150455 | AE21: =+IF(F21=0,0,F21/(F21+G21+J21)) -> 0.53611111 | AF21: =+IFERROR(F21/(F21+G21),0) -> 0.91704601 | AG21: =+F21/(F21+AQ21+J21) -> 0.53611111 | AH21: =IF(SUM(N21:O21)=0,F21,F21/SUM(N21:O21)) -> 17.545455 | AI21: =+IF(O21=0,F21,F21/O21) -> 22.705882 | AJ21: =IFERROR(AQ21/SUM(N21:O21),0) -> 1.5871238 | AK21: =IF(M21=0,0,M21/SUM(M21:O21)) -> 0 | AL21: =IF(N21+O21+P21=0,0,(N21+P21)/(N21+O21+P21)) -> 0.22727273 | AM21: =IF(O21+N21+P21=0,0,O21/(N21+O21+P21)) -> 0.77272727 | AN21: =IF(R21+S21=0,0,R21/(R21+S21)) -> 0.30644391 | AO21: =IF(R21+S21=0,0,S21/(R21+S21)) -> 0.69355609 | AQ21: =+SUM(Q21:S21) -> 34.916723 | AR21: =+SUM(N21:O21) -> 22 | AT21: OB x 30 Unit TKI | AV21: 0.9 | AW21: 120 | AX21: 6
A22: =+A21+1 -> 13 | B22: DT MERCY 042 | C22: =VLOOKUP(B22,Sort!B:C,2,FALSE) -> AXOR 3336K | D22: {=INDEX(HM_Unit!D:D,MATCH('Summary KPI'!B22,HM_Unit!A:A,0))} -> 18386 | E22: {=INDEX(HM_Unit!CD:CD,MATCH('Summary KPI'!B22,HM_Unit!A:A,0))} -> 18780 | F22: =E22-D22 -> 394 | G22: =SUM(R22:S22) -> 63.466768 | H22: =Q22 -> 0 | I22: =+Z22 -> 14.116689 | J22: =L22-F22-I22-G22-H22 -> 248.41654 | K22: =$J$5*24 -> 720 | L22: =$H$5*24 -> 720 | M22: =SUMIFS('Data Down'!U:U,'Data Down'!D:D,'Summary KPI'!B22,'Data Down'!Q:Q,'Summary KPI'!$M$8,'Data Down'!$C:$C,"<="&'Summary KPI'!$G$5,'Data Down'!$C:$C,">="&'Summary KPI'!$E$5) -> 0 | N22: =SUMIFS('Data Down'!U:U,'Data Down'!D:D,'Summary KPI'!B22,'Data Down'!Q:Q,'Summary KPI'!$N$8,'Data Down'!$C:$C,"<="&'Summary KPI'!$G$5,'Data Down'!$C:$C,">="&'Summary KPI'!$E$5) -> 3 | O22: =SUMIFS('Data Down'!U:U,'Data Down'!D:D,'Summary KPI'!B22,'Data Down'!Q:Q,'Summary KPI'!$O$8,'Data Down'!$C:$C,"<="&'Summary KPI'!$G$5,'Data Down'!$C:$C,">="&'Summary KPI'!$E$5) -> 13 | P22: =SUMIFS('Data Down'!U:U,'Data Down'!D:D,'Summary KPI'!B22,'Data Down'!Q:Q,'Summary KPI'!$P$8,'Data Down'!$C:$C,"<="&'Summary KPI'!$G$5,'Data Down'!$C:$C,">="&'Summary KPI'!$E$5) -> 0 | Q22: =SUMIFS('Data Down'!N:N,'Data Down'!$D:$D,'Summary KPI'!$B22,'Data Down'!$Q:$Q,'Summary KPI'!$Q$8,'Data Down'!$C:$C,"<="&'Summary KPI'!$G$5,'Data Down'!$C:$C,">="&'Summary KPI'!$E$5) -> 0 | R22: =SUMIFS('Data Down'!N:N,'Data Down'!D:D,'Summary KPI'!B22,'Data Down'!Q:Q,'Summary KPI'!$R$8,'Data Down'!$C:$C,"<="&'Summary KPI'!$G$5,'Data Down'!$C:$C,">="&'Summary KPI'!$E$5) -> 8.750014 | S22: =SUMIFS('Data Down'!N:N,'Data Down'!D:D,'Summary KPI'!B22,'Data Down'!Q:Q,'Summary KPI'!$S$8,'Data Down'!$C:$C,"<="&'Summary KPI'!$G$5,'Data Down'!$C:$C,">="&'Summary KPI'!$E$5) -> 54.716754 | T22: =SUMIFS('Data Down'!N:N,'Data Down'!D:D,'Summary KPI'!B22,'Data Down'!Q:Q,'Summary KPI'!$T$8,'Data Down'!$C:$C,"<="&'Summary KPI'!$G$5,'Data Down'!$C:$C,">="&'Summary KPI'!$E$5) -> 0 | U22: =+SUMIFS('Data Down'!$N:$N,'Data Down'!$D:$D,'Summary KPI'!B22,'Data Down'!$R:$R,'Summary KPI'!$U$7,'Data Down'!$C:$C,"<="&'Summary KPI'!$G$5,'Data Down'!$C:$C,">="&'Summary KPI'!$E$5) -> 0 | V22: =+SUMIFS('Data Down'!$N:$N,'Data Down'!$D:$D,'Summary KPI'!B22,'Data Down'!$R:$R,'Summary KPI'!$V$7,'Data Down'!$C:$C,"<="&'Summary KPI'!$G$5,'Data Down'!$C:$C,">="&'Summary KPI'!$E$5) -> 0 | W22: =+SUMIFS('Data Down'!$N:$N,'Data Down'!$D:$D,'Summary KPI'!B22,'Data Down'!$R:$R,'Summary KPI'!$W$7,'Data Down'!$C:$C,"<="&'Summary KPI'!$G$5,'Data Down'!$C:$C,">="&'Summary KPI'!$E$5) -> 0 | X22: =+SUMIFS('Data Down'!$N:$N,'Data Down'!$D:$D,'Summary KPI'!B22,'Data Down'!$R:$R,'Summary KPI'!$X$7,'Data Down'!$C:$C,"<="&'Summary KPI'!$G$5,'Data Down'!$C:$C,">="&'Summary KPI'!$E$5) -> 0 | Y22: =+SUMIFS('Data Down'!$N:$N,'Data Down'!$D:$D,'Summary KPI'!B22,'Data Down'!$R:$R,'Summary KPI'!$Y$7,'Data Down'!$C:$C,"<="&'Summary KPI'!$G$5,'Data Down'!$C:$C,">="&'Summary KPI'!$E$5) -> 49.350079 | Z22: =+SUMIFS('Data Down'!$N:$N,'Data Down'!$D:$D,'Summary KPI'!B22,'Data Down'!$R:$R,'Summary KPI'!$Z$7,'Data Down'!$C:$C,"<="&'Summary KPI'!$G$5,'Data Down'!$C:$C,">="&'Summary KPI'!$E$5) -> 14.116689 | AA22: =+SUMIFS('Data Down'!$N:$N,'Data Down'!$D:$D,'Summary KPI'!B22,'Data Down'!$R:$R,'Summary KPI'!$AA$7,'Data Down'!$C:$C,"<="&'Summary KPI'!$G$5,'Data Down'!$C:$C,">="&'Summary KPI'!$E$5) -> 0 | AB22: =+SUMIFS('Data Down'!$N:$N,'Data Down'!$D:$D,'Summary KPI'!B22,'Data Down'!$R:$R,'Summary KPI'!$AB$7,'Data Down'!$C:$C,"<="&'Summary KPI'!$G$5,'Data Down'!$C:$C,">="&'Summary KPI'!$E$5) -> 0 | AC22: =+SUMIFS('Data Down'!$N:$N,'Data Down'!$D:$D,'Summary KPI'!B22,'Data Down'!$R:$R,'Summary KPI'!$AC$7,'Data Down'!$C:$C,"<="&'Summary KPI'!$G$5,'Data Down'!$C:$C,">="&'Summary KPI'!$E$5) -> 0 | AD22: =(L22-AQ22)/L22 -> 0.91185171 | AE22: =+IF(F22=0,0,F22/(F22+G22+J22)) -> 0.55816591 | AF22: =+IFERROR(F22/(F22+G22),0) -> 0.86126475 | AG22: =+F22/(F22+AQ22+J22) -> 0.55816591 | AH22: =IF(SUM(N22:O22)=0,F22,F22/SUM(N22:O22)) -> 24.625 | AI22: =+IF(O22=0,F22,F22/O22) -> 30.307692 | AJ22: =IFERROR(AQ22/SUM(N22:O22),0) -> 3.966673 | AK22: =IF(M22=0,0,M22/SUM(M22:O22)) -> 0 | AL22: =IF(N22+O22+P22=0,0,(N22+P22)/(N22+O22+P22)) -> 0.1875 | AM22: =IF(O22+N22+P22=0,0,O22/(N22+O22+P22)) -> 0.8125 | AN22: =IF(R22+S22=0,0,R22/(R22+S22)) -> 0.13786765 | AO22: =IF(R22+S22=0,0,S22/(R22+S22)) -> 0.86213235 | AQ22: =+SUM(Q22:S22) -> 63.466768 | AR22: =+SUM(N22:O22) -> 16 | AT22: OB x 30 Unit TKI | AV22: 0.9 | AW22: 120 | AX22: 6
A23: =+A22+1 -> 14 | B23: DT MERCY 043 | C23: =VLOOKUP(B23,Sort!B:C,2,FALSE) -> AXOR 3336K | D23: {=INDEX(HM_Unit!D:D,MATCH('Summary KPI'!B23,HM_Unit!A:A,0))} -> 18298 | E23: {=INDEX(HM_Unit!CD:CD,MATCH('Summary KPI'!B23,HM_Unit!A:A,0))} -> 18723 | F23: =E23-D23 -> 425 | G23: =SUM(R23:S23) -> 28.000045 | H23: =Q23 -> 0 | I23: =+Z23 -> 0 | J23: =L23-F23-I23-G23-H23 -> 266.99996 | K23: =$J$5*24 -> 720 | L23: =$H$5*24 -> 720 | M23: =SUMIFS('Data Down'!U:U,'Data Down'!D:D,'Summary KPI'!B23,'Data Down'!Q:Q,'Summary KPI'!$M$8,'Data Down'!$C:$C,"<="&'Summary KPI'!$G$5,'Data Down'!$C:$C,">="&'Summary KPI'!$E$5) -> 0 | N23: =SUMIFS('Data Down'!U:U,'Data Down'!D:D,'Summary KPI'!B23,'Data Down'!Q:Q,'Summary KPI'!$N$8,'Data Down'!$C:$C,"<="&'Summary KPI'!$G$5,'Data Down'!$C:$C,">="&'Summary KPI'!$E$5) -> 5 | O23: =SUMIFS('Data Down'!U:U,'Data Down'!D:D,'Summary KPI'!B23,'Data Down'!Q:Q,'Summary KPI'!$O$8,'Data Down'!$C:$C,"<="&'Summary KPI'!$G$5,'Data Down'!$C:$C,">="&'Summary KPI'!$E$5) -> 13 | P23: =SUMIFS('Data Down'!U:U,'Data Down'!D:D,'Summary KPI'!B23,'Data Down'!Q:Q,'Summary KPI'!$P$8,'Data Down'!$C:$C,"<="&'Summary KPI'!$G$5,'Data Down'!$C:$C,">="&'Summary KPI'!$E$5) -> 0 | Q23: =SUMIFS('Data Down'!N:N,'Data Down'!$D:$D,'Summary KPI'!$B23,'Data Down'!$Q:$Q,'Summary KPI'!$Q$8,'Data Down'!$C:$C,"<="&'Summary KPI'!$G$5,'Data Down'!$C:$C,">="&'Summary KPI'!$E$5) -> 0 | R23: =SUMIFS('Data Down'!N:N,'Data Down'!D:D,'Summary KPI'!B23,'Data Down'!Q:Q,'Summary KPI'!$R$8,'Data Down'!$C:$C,"<="&'Summary KPI'!$G$5,'Data Down'!$C:$C,">="&'Summary KPI'!$E$5) -> 12.833354 | S23: =SUMIFS('Data Down'!N:N,'Data Down'!D:D,'Summary KPI'!B23,'Data Down'!Q:Q,'Summary KPI'!$S$8,'Data Down'!$C:$C,"<="&'Summary KPI'!$G$5,'Data Down'!$C:$C,">="&'Summary KPI'!$E$5) -> 15.166691 | T23: =SUMIFS('Data Down'!N:N,'Data Down'!D:D,'Summary KPI'!B23,'Data Down'!Q:Q,'Summary KPI'!$T$8,'Data Down'!$C:$C,"<="&'Summary KPI'!$G$5,'Data Down'!$C:$C,">="&'Summary KPI'!$E$5) -> 0 | U23: =+SUMIFS('Data Down'!$N:$N,'Data Down'!$D:$D,'Summary KPI'!B23,'Data Down'!$R:$R,'Summary KPI'!$U$7,'Data Down'!$C:$C,"<="&'Summary KPI'!$G$5,'Data Down'!$C:$C,">="&'Summary KPI'!$E$5) -> 0 | V23: =+SUMIFS('Data Down'!$N:$N,'Data Down'!$D:$D,'Summary KPI'!B23,'Data Down'!$R:$R,'Summary KPI'!$V$7,'Data Down'!$C:$C,"<="&'Summary KPI'!$G$5,'Data Down'!$C:$C,">="&'Summary KPI'!$E$5) -> 0 | W23: =+SUMIFS('Data Down'!$N:$N,'Data Down'!$D:$D,'Summary KPI'!B23,'Data Down'!$R:$R,'Summary KPI'!$W$7,'Data Down'!$C:$C,"<="&'Summary KPI'!$G$5,'Data Down'!$C:$C,">="&'Summary KPI'!$E$5) -> 0 | X23: =+SUMIFS('Data Down'!$N:$N,'Data Down'!$D:$D,'Summary KPI'!B23,'Data Down'!$R:$R,'Summary KPI'!$X$7,'Data Down'!$C:$C,"<="&'Summary KPI'!$G$5,'Data Down'!$C:$C,">="&'Summary KPI'!$E$5) -> 0 | Y23: =+SUMIFS('Data Down'!$N:$N,'Data Down'!$D:$D,'Summary KPI'!B23,'Data Down'!$R:$R,'Summary KPI'!$Y$7,'Data Down'!$C:$C,"<="&'Summary KPI'!$G$5,'Data Down'!$C:$C,">="&'Summary KPI'!$E$5) -> 28.000045 | Z23: =+SUMIFS('Data Down'!$N:$N,'Data Down'!$D:$D,'Summary KPI'!B23,'Data Down'!$R:$R,'Summary KPI'!$Z$7,'Data Down'!$C:$C,"<="&'Summary KPI'!$G$5,'Data Down'!$C:$C,">="&'Summary KPI'!$E$5) -> 0 | AA23: =+SUMIFS('Data Down'!$N:$N,'Data Down'!$D:$D,'Summary KPI'!B23,'Data Down'!$R:$R,'Summary KPI'!$AA$7,'Data Down'!$C:$C,"<="&'Summary KPI'!$G$5,'Data Down'!$C:$C,">="&'Summary KPI'!$E$5) -> 0 | AB23: =+SUMIFS('Data Down'!$N:$N,'Data Down'!$D:$D,'Summary KPI'!B23,'Data Down'!$R:$R,'Summary KPI'!$AB$7,'Data Down'!$C:$C,"<="&'Summary KPI'!$G$5,'Data Down'!$C:$C,">="&'Summary KPI'!$E$5) -> 0 | AC23: =+SUMIFS('Data Down'!$N:$N,'Data Down'!$D:$D,'Summary KPI'!B23,'Data Down'!$R:$R,'Summary KPI'!$AC$7,'Data Down'!$C:$C,"<="&'Summary KPI'!$G$5,'Data Down'!$C:$C,">="&'Summary KPI'!$E$5) -> 0 | AD23: =(L23-AQ23)/L23 -> 0.96111105 | AE23: =+IF(F23=0,0,F23/(F23+G23+J23)) -> 0.59027778 | AF23: =+IFERROR(F23/(F23+G23),0) -> 0.93818975 | AG23: =+F23/(F23+AQ23+J23) -> 0.59027778 | AH23: =IF(SUM(N23:O23)=0,F23,F23/SUM(N23:O23)) -> 23.611111 | AI23: =+IF(O23=0,F23,F23/O23) -> 32.692308 | AJ23: =IFERROR(AQ23/SUM(N23:O23),0) -> 1.555558 | AK23: =IF(M23=0,0,M23/SUM(M23:O23)) -> 0 | AL23: =IF(N23+O23+P23=0,0,(N23+P23)/(N23+O23+P23)) -> 0.27777778 | AM23: =IF(O23+N23+P23=0,0,O23/(N23+O23+P23)) -> 0.72222222 | AN23: =IF(R23+S23=0,0,R23/(R23+S23)) -> 0.45833333 | AO23: =IF(R23+S23=0,0,S23/(R23+S23)) -> 0.54166667 | AQ23: =+SUM(Q23:S23) -> 28.000045 | AR23: =+SUM(N23:O23) -> 18 | AT23: OB x 30 Unit TKI | AV23: 0.9 | AW23: 120 | AX23: 6
A24: =+A23+1 -> 15 | B24: DT MERCY 044 | C24: =VLOOKUP(B24,Sort!B:C,2,FALSE) -> AXOR 3336K | D24: {=INDEX(HM_Unit!D:D,MATCH('Summary KPI'!B24,HM_Unit!A:A,0))} -> 18161 | E24: {=INDEX(HM_Unit!CD:CD,MATCH('Summary KPI'!B24,HM_Unit!A:A,0))} -> 18566 | F24: =E24-D24 -> 405 | G24: =SUM(R24:S24) -> 55.266755 | H24: =Q24 -> 0 | I24: =+Z24 -> 0 | J24: =L24-F24-I24-G24-H24 -> 259.73324 | K24: =$J$5*24 -> 720 | L24: =$H$5*24 -> 720 | M24: =SUMIFS('Data Down'!U:U,'Data Down'!D:D,'Summary KPI'!B24,'Data Down'!Q:Q,'Summary KPI'!$M$8,'Data Down'!$C:$C,"<="&'Summary KPI'!$G$5,'Data Down'!$C:$C,">="&'Summary KPI'!$E$5) -> 0 | N24: =SUMIFS('Data Down'!U:U,'Data Down'!D:D,'Summary KPI'!B24,'Data Down'!Q:Q,'Summary KPI'!$N$8,'Data Down'!$C:$C,"<="&'Summary KPI'!$G$5,'Data Down'!$C:$C,">="&'Summary KPI'!$E$5) -> 3 | O24: =SUMIFS('Data Down'!U:U,'Data Down'!D:D,'Summary KPI'!B24,'Data Down'!Q:Q,'Summary KPI'!$O$8,'Data Down'!$C:$C,"<="&'Summary KPI'!$G$5,'Data Down'!$C:$C,">="&'Summary KPI'!$E$5) -> 11 | P24: =SUMIFS('Data Down'!U:U,'Data Down'!D:D,'Summary KPI'!B24,'Data Down'!Q:Q,'Summary KPI'!$P$8,'Data Down'!$C:$C,"<="&'Summary KPI'!$G$5,'Data Down'!$C:$C,">="&'Summary KPI'!$E$5) -> 0 | Q24: =SUMIFS('Data Down'!N:N,'Data Down'!$D:$D,'Summary KPI'!$B24,'Data Down'!$Q:$Q,'Summary KPI'!$Q$8,'Data Down'!$C:$C,"<="&'Summary KPI'!$G$5,'Data Down'!$C:$C,">="&'Summary KPI'!$E$5) -> 0 | R24: =SUMIFS('Data Down'!N:N,'Data Down'!D:D,'Summary KPI'!B24,'Data Down'!Q:Q,'Summary KPI'!$R$8,'Data Down'!$C:$C,"<="&'Summary KPI'!$G$5,'Data Down'!$C:$C,">="&'Summary KPI'!$E$5) -> 2.7333377 | S24: =SUMIFS('Data Down'!N:N,'Data Down'!D:D,'Summary KPI'!B24,'Data Down'!Q:Q,'Summary KPI'!$S$8,'Data Down'!$C:$C,"<="&'Summary KPI'!$G$5,'Data Down'!$C:$C,">="&'Summary KPI'!$E$5) -> 52.533417 | T24: =SUMIFS('Data Down'!N:N,'Data Down'!D:D,'Summary KPI'!B24,'Data Down'!Q:Q,'Summary KPI'!$T$8,'Data Down'!$C:$C,"<="&'Summary KPI'!$G$5,'Data Down'!$C:$C,">="&'Summary KPI'!$E$5) -> 0 | U24: =+SUMIFS('Data Down'!$N:$N,'Data Down'!$D:$D,'Summary KPI'!B24,'Data Down'!$R:$R,'Summary KPI'!$U$7,'Data Down'!$C:$C,"<="&'Summary KPI'!$G$5,'Data Down'!$C:$C,">="&'Summary KPI'!$E$5) -> 0 | V24: =+SUMIFS('Data Down'!$N:$N,'Data Down'!$D:$D,'Summary KPI'!B24,'Data Down'!$R:$R,'Summary KPI'!$V$7,'Data Down'!$C:$C,"<="&'Summary KPI'!$G$5,'Data Down'!$C:$C,">="&'Summary KPI'!$E$5) -> 0 | W24: =+SUMIFS('Data Down'!$N:$N,'Data Down'!$D:$D,'Summary KPI'!B24,'Data Down'!$R:$R,'Summary KPI'!$W$7,'Data Down'!$C:$C,"<="&'Summary KPI'!$G$5,'Data Down'!$C:$C,">="&'Summary KPI'!$E$5) -> 0 | X24: =+SUMIFS('Data Down'!$N:$N,'Data Down'!$D:$D,'Summary KPI'!B24,'Data Down'!$R:$R,'Summary KPI'!$X$7,'Data Down'!$C:$C,"<="&'Summary KPI'!$G$5,'Data Down'!$C:$C,">="&'Summary KPI'!$E$5) -> 0 | Y24: =+SUMIFS('Data Down'!$N:$N,'Data Down'!$D:$D,'Summary KPI'!B24,'Data Down'!$R:$R,'Summary KPI'!$Y$7,'Data Down'!$C:$C,"<="&'Summary KPI'!$G$5,'Data Down'!$C:$C,">="&'Summary KPI'!$E$5) -> 55.266755 | Z24: =+SUMIFS('Data Down'!$N:$N,'Data Down'!$D:$D,'Summary KPI'!B24,'Data Down'!$R:$R,'Summary KPI'!$Z$7,'Data Down'!$C:$C,"<="&'Summary KPI'!$G$5,'Data Down'!$C:$C,">="&'Summary KPI'!$E$5) -> 0 | AA24: =+SUMIFS('Data Down'!$N:$N,'Data Down'!$D:$D,'Summary KPI'!B24,'Data Down'!$R:$R,'Summary KPI'!$AA$7,'Data Down'!$C:$C,"<="&'Summary KPI'!$G$5,'Data Down'!$C:$C,">="&'Summary KPI'!$E$5) -> 0 | AB24: =+SUMIFS('Data Down'!$N:$N,'Data Down'!$D:$D,'Summary KPI'!B24,'Data Down'!$R:$R,'Summary KPI'!$AB$7,'Data Down'!$C:$C,"<="&'Summary KPI'!$G$5,'Data Down'!$C:$C,">="&'Summary KPI'!$E$5) -> 0 | AC24: =+SUMIFS('Data Down'!$N:$N,'Data Down'!$D:$D,'Summary KPI'!B24,'Data Down'!$R:$R,'Summary KPI'!$AC$7,'Data Down'!$C:$C,"<="&'Summary KPI'!$G$5,'Data Down'!$C:$C,">="&'Summary KPI'!$E$5) -> 0 | AD24: =(L24-AQ24)/L24 -> 0.92324062 | AE24: =+IF(F24=0,0,F24/(F24+G24+J24)) -> 0.5625 | AF24: =+IFERROR(F24/(F24+G24),0) -> 0.87992451 | AG24: =+F24/(F24+AQ24+J24) -> 0.5625 | AH24: =IF(SUM(N24:O24)=0,F24,F24/SUM(N24:O24)) -> 28.928571 | AI24: =+IF(O24=0,F24,F24/O24) -> 36.818182 | AJ24: =IFERROR(AQ24/SUM(N24:O24),0) -> 3.9476254 | AK24: =IF(M24=0,0,M24/SUM(M24:O24)) -> 0 | AL24: =IF(N24+O24+P24=0,0,(N24+P24)/(N24+O24+P24)) -> 0.21428571 | AM24: =IF(O24+N24+P24=0,0,O24/(N24+O24+P24)) -> 0.78571429 | AN24: =IF(R24+S24=0,0,R24/(R24+S24)) -> 0.049457177 | AO24: =IF(R24+S24=0,0,S24/(R24+S24)) -> 0.95054282 | AQ24: =+SUM(Q24:S24) -> 55.266755 | AR24: =+SUM(N24:O24) -> 14 | AT24: OB x 30 Unit TKI | AV24: 0.9 | AW24: 120 | AX24: 6
A25: =+A24+1 -> 16 | B25: DT MERCY 048 | C25: =VLOOKUP(B25,Sort!B:C,2,FALSE) -> AXOR 3336K | D25: {=INDEX(HM_Unit!D:D,MATCH('Summary KPI'!B25,HM_Unit!A:A,0))} -> 17588 | E25: {=INDEX(HM_Unit!CD:CD,MATCH('Summary KPI'!B25,HM_Unit!A:A,0))} -> 18023 | F25: =E25-D25 -> 435 | G25: =SUM(R25:S25) -> 8.6833472 | H25: =Q25 -> 0 | I25: =+Z25 -> 0 | J25: =L25-F25-I25-G25-H25 -> 276.31665 | K25: =$J$5*24 -> 720 | L25: =$H$5*24 -> 720 | M25: =SUMIFS('Data Down'!U:U,'Data Down'!D:D,'Summary KPI'!B25,'Data Down'!Q:Q,'Summary KPI'!$M$8,'Data Down'!$C:$C,"<="&'Summary KPI'!$G$5,'Data Down'!$C:$C,">="&'Summary KPI'!$E$5) -> 0 | N25: =SUMIFS('Data Down'!U:U,'Data Down'!D:D,'Summary KPI'!B25,'Data Down'!Q:Q,'Summary KPI'!$N$8,'Data Down'!$C:$C,"<="&'Summary KPI'!$G$5,'Data Down'!$C:$C,">="&'Summary KPI'!$E$5) -> 4 | O25: =SUMIFS('Data Down'!U:U,'Data Down'!D:D,'Summary KPI'!B25,'Data Down'!Q:Q,'Summary KPI'!$O$8,'Data Down'!$C:$C,"<="&'Summary KPI'!$G$5,'Data Down'!$C:$C,">="&'Summary KPI'!$E$5) -> 4 | P25: =SUMIFS('Data Down'!U:U,'Data Down'!D:D,'Summary KPI'!B25,'Data Down'!Q:Q,'Summary KPI'!$P$8,'Data Down'!$C:$C,"<="&'Summary KPI'!$G$5,'Data Down'!$C:$C,">="&'Summary KPI'!$E$5) -> 0 | Q25: =SUMIFS('Data Down'!N:N,'Data Down'!$D:$D,'Summary KPI'!$B25,'Data Down'!$Q:$Q,'Summary KPI'!$Q$8,'Data Down'!$C:$C,"<="&'Summary KPI'!$G$5,'Data Down'!$C:$C,">="&'Summary KPI'!$E$5) -> 0 | R25: =SUMIFS('Data Down'!N:N,'Data Down'!D:D,'Summary KPI'!B25,'Data Down'!Q:Q,'Summary KPI'!$R$8,'Data Down'!$C:$C,"<="&'Summary KPI'!$G$5,'Data Down'!$C:$C,">="&'Summary KPI'!$E$5) -> 5.7333425 | S25: =SUMIFS('Data Down'!N:N,'Data Down'!D:D,'Summary KPI'!B25,'Data Down'!Q:Q,'Summary KPI'!$S$8,'Data Down'!$C:$C,"<="&'Summary KPI'!$G$5,'Data Down'!$C:$C,">="&'Summary KPI'!$E$5) -> 2.9500047 | T25: =SUMIFS('Data Down'!N:N,'Data Down'!D:D,'Summary KPI'!B25,'Data Down'!Q:Q,'Summary KPI'!$T$8,'Data Down'!$C:$C,"<="&'Summary KPI'!$G$5,'Data Down'!$C:$C,">="&'Summary KPI'!$E$5) -> 0 | U25: =+SUMIFS('Data Down'!$N:$N,'Data Down'!$D:$D,'Summary KPI'!B25,'Data Down'!$R:$R,'Summary KPI'!$U$7,'Data Down'!$C:$C,"<="&'Summary KPI'!$G$5,'Data Down'!$C:$C,">="&'Summary KPI'!$E$5) -> 0 | V25: =+SUMIFS('Data Down'!$N:$N,'Data Down'!$D:$D,'Summary KPI'!B25,'Data Down'!$R:$R,'Summary KPI'!$V$7,'Data Down'!$C:$C,"<="&'Summary KPI'!$G$5,'Data Down'!$C:$C,">="&'Summary KPI'!$E$5) -> 0 | W25: =+SUMIFS('Data Down'!$N:$N,'Data Down'!$D:$D,'Summary KPI'!B25,'Data Down'!$R:$R,'Summary KPI'!$W$7,'Data Down'!$C:$C,"<="&'Summary KPI'!$G$5,'Data Down'!$C:$C,">="&'Summary KPI'!$E$5) -> 0 | X25: =+SUMIFS('Data Down'!$N:$N,'Data Down'!$D:$D,'Summary KPI'!B25,'Data Down'!$R:$R,'Summary KPI'!$X$7,'Data Down'!$C:$C,"<="&'Summary KPI'!$G$5,'Data Down'!$C:$C,">="&'Summary KPI'!$E$5) -> 0 | Y25: =+SUMIFS('Data Down'!$N:$N,'Data Down'!$D:$D,'Summary KPI'!B25,'Data Down'!$R:$R,'Summary KPI'!$Y$7,'Data Down'!$C:$C,"<="&'Summary KPI'!$G$5,'Data Down'!$C:$C,">="&'Summary KPI'!$E$5) -> 8.6833472 | Z25: =+SUMIFS('Data Down'!$N:$N,'Data Down'!$D:$D,'Summary KPI'!B25,'Data Down'!$R:$R,'Summary KPI'!$Z$7,'Data Down'!$C:$C,"<="&'Summary KPI'!$G$5,'Data Down'!$C:$C,">="&'Summary KPI'!$E$5) -> 0 | AA25: =+SUMIFS('Data Down'!$N:$N,'Data Down'!$D:$D,'Summary KPI'!B25,'Data Down'!$R:$R,'Summary KPI'!$AA$7,'Data Down'!$C:$C,"<="&'Summary KPI'!$G$5,'Data Down'!$C:$C,">="&'Summary KPI'!$E$5) -> 0 | AB25: =+SUMIFS('Data Down'!$N:$N,'Data Down'!$D:$D,'Summary KPI'!B25,'Data Down'!$R:$R,'Summary KPI'!$AB$7,'Data Down'!$C:$C,"<="&'Summary KPI'!$G$5,'Data Down'!$C:$C,">="&'Summary KPI'!$E$5) -> 0 | AC25: =+SUMIFS('Data Down'!$N:$N,'Data Down'!$D:$D,'Summary KPI'!B25,'Data Down'!$R:$R,'Summary KPI'!$AC$7,'Data Down'!$C:$C,"<="&'Summary KPI'!$G$5,'Data Down'!$C:$C,">="&'Summary KPI'!$E$5) -> 0 | AD25: =(L25-AQ25)/L25 -> 0.9879398 | AE25: =+IF(F25=0,0,F25/(F25+G25+J25)) -> 0.60416667 | AF25: =+IFERROR(F25/(F25+G25),0) -> 0.98042895 | AG25: =+F25/(F25+AQ25+J25) -> 0.60416667 | AH25: =IF(SUM(N25:O25)=0,F25,F25/SUM(N25:O25)) -> 54.375 | AI25: =+IF(O25=0,F25,F25/O25) -> 108.75 | AJ25: =IFERROR(AQ25/SUM(N25:O25),0) -> 1.0854184 | AK25: =IF(M25=0,0,M25/SUM(M25:O25)) -> 0 | AL25: =IF(N25+O25+P25=0,0,(N25+P25)/(N25+O25+P25)) -> 0.5 | AM25: =IF(O25+N25+P25=0,0,O25/(N25+O25+P25)) -> 0.5 | AN25: =IF(R25+S25=0,0,R25/(R25+S25)) -> 0.66026871 | AO25: =IF(R25+S25=0,0,S25/(R25+S25)) -> 0.33973129 | AQ25: =+SUM(Q25:S25) -> 8.6833472 | AR25: =+SUM(N25:O25) -> 8 | AT25: OB x 30 Unit TKI | AV25: 0.9 | AW25: 120 | AX25: 6
A26: =+A25+1 -> 17 | B26: DT MERCY 049 | C26: =VLOOKUP(B26,Sort!B:C,2,FALSE) -> AXOR 3336K | D26: {=INDEX(HM_Unit!D:D,MATCH('Summary KPI'!B26,HM_Unit!A:A,0))} -> 14887 | E26: {=INDEX(HM_Unit!CD:CD,MATCH('Summary KPI'!B26,HM_Unit!A:A,0))} -> 15310 | F26: =E26-D26 -> 423 | G26: =SUM(R26:S26) -> 36.716725 | H26: =Q26 -> 0 | I26: =+Z26 -> 16.333359 | J26: =L26-F26-I26-G26-H26 -> 243.94992 | K26: =$J$5*24 -> 720 | L26: =$H$5*24 -> 720 | M26: =SUMIFS('Data Down'!U:U,'Data Down'!D:D,'Summary KPI'!B26,'Data Down'!Q:Q,'Summary KPI'!$M$8,'Data Down'!$C:$C,"<="&'Summary KPI'!$G$5,'Data Down'!$C:$C,">="&'Summary KPI'!$E$5) -> 0 | N26: =SUMIFS('Data Down'!U:U,'Data Down'!D:D,'Summary KPI'!B26,'Data Down'!Q:Q,'Summary KPI'!$N$8,'Data Down'!$C:$C,"<="&'Summary KPI'!$G$5,'Data Down'!$C:$C,">="&'Summary KPI'!$E$5) -> 3 | O26: =SUMIFS('Data Down'!U:U,'Data Down'!D:D,'Summary KPI'!B26,'Data Down'!Q:Q,'Summary KPI'!$O$8,'Data Down'!$C:$C,"<="&'Summary KPI'!$G$5,'Data Down'!$C:$C,">="&'Summary KPI'!$E$5) -> 11 | P26: =SUMIFS('Data Down'!U:U,'Data Down'!D:D,'Summary KPI'!B26,'Data Down'!Q:Q,'Summary KPI'!$P$8,'Data Down'!$C:$C,"<="&'Summary KPI'!$G$5,'Data Down'!$C:$C,">="&'Summary KPI'!$E$5) -> 0 | Q26: =SUMIFS('Data Down'!N:N,'Data Down'!$D:$D,'Summary KPI'!$B26,'Data Down'!$Q:$Q,'Summary KPI'!$Q$8,'Data Down'!$C:$C,"<="&'Summary KPI'!$G$5,'Data Down'!$C:$C,">="&'Summary KPI'!$E$5) -> 0 | R26: =SUMIFS('Data Down'!N:N,'Data Down'!D:D,'Summary KPI'!B26,'Data Down'!Q:Q,'Summary KPI'!$R$8,'Data Down'!$C:$C,"<="&'Summary KPI'!$G$5,'Data Down'!$C:$C,">="&'Summary KPI'!$E$5) -> 5.2500084 | S26: =SUMIFS('Data Down'!N:N,'Data Down'!D:D,'Summary KPI'!B26,'Data Down'!Q:Q,'Summary KPI'!$S$8,'Data Down'!$C:$C,"<="&'Summary KPI'!$G$5,'Data Down'!$C:$C,">="&'Summary KPI'!$E$5) -> 31.466717 | T26: =SUMIFS('Data Down'!N:N,'Data Down'!D:D,'Summary KPI'!B26,'Data Down'!Q:Q,'Summary KPI'!$T$8,'Data Down'!$C:$C,"<="&'Summary KPI'!$G$5,'Data Down'!$C:$C,">="&'Summary KPI'!$E$5) -> 0 | U26: =+SUMIFS('Data Down'!$N:$N,'Data Down'!$D:$D,'Summary KPI'!B26,'Data Down'!$R:$R,'Summary KPI'!$U$7,'Data Down'!$C:$C,"<="&'Summary KPI'!$G$5,'Data Down'!$C:$C,">="&'Summary KPI'!$E$5) -> 0 | V26: =+SUMIFS('Data Down'!$N:$N,'Data Down'!$D:$D,'Summary KPI'!B26,'Data Down'!$R:$R,'Summary KPI'!$V$7,'Data Down'!$C:$C,"<="&'Summary KPI'!$G$5,'Data Down'!$C:$C,">="&'Summary KPI'!$E$5) -> 0 | W26: =+SUMIFS('Data Down'!$N:$N,'Data Down'!$D:$D,'Summary KPI'!B26,'Data Down'!$R:$R,'Summary KPI'!$W$7,'Data Down'!$C:$C,"<="&'Summary KPI'!$G$5,'Data Down'!$C:$C,">="&'Summary KPI'!$E$5) -> 0 | X26: =+SUMIFS('Data Down'!$N:$N,'Data Down'!$D:$D,'Summary KPI'!B26,'Data Down'!$R:$R,'Summary KPI'!$X$7,'Data Down'!$C:$C,"<="&'Summary KPI'!$G$5,'Data Down'!$C:$C,">="&'Summary KPI'!$E$5) -> 0 | Y26: =+SUMIFS('Data Down'!$N:$N,'Data Down'!$D:$D,'Summary KPI'!B26,'Data Down'!$R:$R,'Summary KPI'!$Y$7,'Data Down'!$C:$C,"<="&'Summary KPI'!$G$5,'Data Down'!$C:$C,">="&'Summary KPI'!$E$5) -> 20.383366 | Z26: =+SUMIFS('Data Down'!$N:$N,'Data Down'!$D:$D,'Summary KPI'!B26,'Data Down'!$R:$R,'Summary KPI'!$Z$7,'Data Down'!$C:$C,"<="&'Summary KPI'!$G$5,'Data Down'!$C:$C,">="&'Summary KPI'!$E$5) -> 16.333359 | AA26: =+SUMIFS('Data Down'!$N:$N,'Data Down'!$D:$D,'Summary KPI'!B26,'Data Down'!$R:$R,'Summary KPI'!$AA$7,'Data Down'!$C:$C,"<="&'Summary KPI'!$G$5,'Data Down'!$C:$C,">="&'Summary KPI'!$E$5) -> 0 | AB26: =+SUMIFS('Data Down'!$N:$N,'Data Down'!$D:$D,'Summary KPI'!B26,'Data Down'!$R:$R,'Summary KPI'!$AB$7,'Data Down'!$C:$C,"<="&'Summary KPI'!$G$5,'Data Down'!$C:$C,">="&'Summary KPI'!$E$5) -> 0 | AC26: =+SUMIFS('Data Down'!$N:$N,'Data Down'!$D:$D,'Summary KPI'!B26,'Data Down'!$R:$R,'Summary KPI'!$AC$7,'Data Down'!$C:$C,"<="&'Summary KPI'!$G$5,'Data Down'!$C:$C,">="&'Summary KPI'!$E$5) -> 0 | AD26: =(L26-AQ26)/L26 -> 0.94900455 | AE26: =+IF(F26=0,0,F26/(F26+G26+J26)) -> 0.60113692 | AF26: =+IFERROR(F26/(F26+G26),0) -> 0.92013185 | AG26: =+F26/(F26+AQ26+J26) -> 0.60113692 | AH26: =IF(SUM(N26:O26)=0,F26,F26/SUM(N26:O26)) -> 30.214286 | AI26: =+IF(O26=0,F26,F26/O26) -> 38.454545 | AJ26: =IFERROR(AQ26/SUM(N26:O26),0) -> 2.6226232 | AK26: =IF(M26=0,0,M26/SUM(M26:O26)) -> 0 | AL26: =IF(N26+O26+P26=0,0,(N26+P26)/(N26+O26+P26)) -> 0.21428571 | AM26: =IF(O26+N26+P26=0,0,O26/(N26+O26+P26)) -> 0.78571429 | AN26: =IF(R26+S26=0,0,R26/(R26+S26)) -> 0.14298684 | AO26: =IF(R26+S26=0,0,S26/(R26+S26)) -> 0.85701316 | AQ26: =+SUM(Q26:S26) -> 36.716725 | AR26: =+SUM(N26:O26) -> 14 | AT26: OB x 30 Unit TKI | AV26: 0.9 | AW26: 120 | AX26: 6
A27: =+A26+1 -> 18 | B27: DT MERCY 098 | C27: =VLOOKUP(B27,Sort!B:C,2,FALSE) -> AXOR 3336K | D27: {=INDEX(HM_Unit!D:D,MATCH('Summary KPI'!B27,HM_Unit!A:A,0))} -> 19835 | E27: {=INDEX(HM_Unit!CD:CD,MATCH('Summary KPI'!B27,HM_Unit!A:A,0))} -> 20243 | F27: =E27-D27 -> 408 | G27: =SUM(R27:S27) -> 25.650041 | H27: =Q27 -> 0 | I27: =+Z27 -> 0 | J27: =L27-F27-I27-G27-H27 -> 286.34996 | K27: =$J$5*24 -> 720 | L27: =$H$5*24 -> 720 | M27: =SUMIFS('Data Down'!U:U,'Data Down'!D:D,'Summary KPI'!B27,'Data Down'!Q:Q,'Summary KPI'!$M$8,'Data Down'!$C:$C,"<="&'Summary KPI'!$G$5,'Data Down'!$C:$C,">="&'Summary KPI'!$E$5) -> 0 | N27: =SUMIFS('Data Down'!U:U,'Data Down'!D:D,'Summary KPI'!B27,'Data Down'!Q:Q,'Summary KPI'!$N$8,'Data Down'!$C:$C,"<="&'Summary KPI'!$G$5,'Data Down'!$C:$C,">="&'Summary KPI'!$E$5) -> 5 | O27: =SUMIFS('Data Down'!U:U,'Data Down'!D:D,'Summary KPI'!B27,'Data Down'!Q:Q,'Summary KPI'!$O$8,'Data Down'!$C:$C,"<="&'Summary KPI'!$G$5,'Data Down'!$C:$C,">="&'Summary KPI'!$E$5) -> 14 | P27: =SUMIFS('Data Down'!U:U,'Data Down'!D:D,'Summary KPI'!B27,'Data Down'!Q:Q,'Summary KPI'!$P$8,'Data Down'!$C:$C,"<="&'Summary KPI'!$G$5,'Data Down'!$C:$C,">="&'Summary KPI'!$E$5) -> 0 | Q27: =SUMIFS('Data Down'!N:N,'Data Down'!$D:$D,'Summary KPI'!$B27,'Data Down'!$Q:$Q,'Summary KPI'!$Q$8,'Data Down'!$C:$C,"<="&'Summary KPI'!$G$5,'Data Down'!$C:$C,">="&'Summary KPI'!$E$5) -> 0 | R27: =SUMIFS('Data Down'!N:N,'Data Down'!D:D,'Summary KPI'!B27,'Data Down'!Q:Q,'Summary KPI'!$R$8,'Data Down'!$C:$C,"<="&'Summary KPI'!$G$5,'Data Down'!$C:$C,">="&'Summary KPI'!$E$5) -> 8.0166795 | S27: =SUMIFS('Data Down'!N:N,'Data Down'!D:D,'Summary KPI'!B27,'Data Down'!Q:Q,'Summary KPI'!$S$8,'Data Down'!$C:$C,"<="&'Summary KPI'!$G$5,'Data Down'!$C:$C,">="&'Summary KPI'!$E$5) -> 17.633362 | T27: =SUMIFS('Data Down'!N:N,'Data Down'!D:D,'Summary KPI'!B27,'Data Down'!Q:Q,'Summary KPI'!$T$8,'Data Down'!$C:$C,"<="&'Summary KPI'!$G$5,'Data Down'!$C:$C,">="&'Summary KPI'!$E$5) -> 0 | U27: =+SUMIFS('Data Down'!$N:$N,'Data Down'!$D:$D,'Summary KPI'!B27,'Data Down'!$R:$R,'Summary KPI'!$U$7,'Data Down'!$C:$C,"<="&'Summary KPI'!$G$5,'Data Down'!$C:$C,">="&'Summary KPI'!$E$5) -> 0 | V27: =+SUMIFS('Data Down'!$N:$N,'Data Down'!$D:$D,'Summary KPI'!B27,'Data Down'!$R:$R,'Summary KPI'!$V$7,'Data Down'!$C:$C,"<="&'Summary KPI'!$G$5,'Data Down'!$C:$C,">="&'Summary KPI'!$E$5) -> 0 | W27: =+SUMIFS('Data Down'!$N:$N,'Data Down'!$D:$D,'Summary KPI'!B27,'Data Down'!$R:$R,'Summary KPI'!$W$7,'Data Down'!$C:$C,"<="&'Summary KPI'!$G$5,'Data Down'!$C:$C,">="&'Summary KPI'!$E$5) -> 0 | X27: =+SUMIFS('Data Down'!$N:$N,'Data Down'!$D:$D,'Summary KPI'!B27,'Data Down'!$R:$R,'Summary KPI'!$X$7,'Data Down'!$C:$C,"<="&'Summary KPI'!$G$5,'Data Down'!$C:$C,">="&'Summary KPI'!$E$5) -> 0 | Y27: =+SUMIFS('Data Down'!$N:$N,'Data Down'!$D:$D,'Summary KPI'!B27,'Data Down'!$R:$R,'Summary KPI'!$Y$7,'Data Down'!$C:$C,"<="&'Summary KPI'!$G$5,'Data Down'!$C:$C,">="&'Summary KPI'!$E$5) -> 26.033375 | Z27: =+SUMIFS('Data Down'!$N:$N,'Data Down'!$D:$D,'Summary KPI'!B27,'Data Down'!$R:$R,'Summary KPI'!$Z$7,'Data Down'!$C:$C,"<="&'Summary KPI'!$G$5,'Data Down'!$C:$C,">="&'Summary KPI'!$E$5) -> 0 | AA27: =+SUMIFS('Data Down'!$N:$N,'Data Down'!$D:$D,'Summary KPI'!B27,'Data Down'!$R:$R,'Summary KPI'!$AA$7,'Data Down'!$C:$C,"<="&'Summary KPI'!$G$5,'Data Down'!$C:$C,">="&'Summary KPI'!$E$5) -> 0 | AB27: =+SUMIFS('Data Down'!$N:$N,'Data Down'!$D:$D,'Summary KPI'!B27,'Data Down'!$R:$R,'Summary KPI'!$AB$7,'Data Down'!$C:$C,"<="&'Summary KPI'!$G$5,'Data Down'!$C:$C,">="&'Summary KPI'!$E$5) -> 0 | AC27: =+SUMIFS('Data Down'!$N:$N,'Data Down'!$D:$D,'Summary KPI'!B27,'Data Down'!$R:$R,'Summary KPI'!$AC$7,'Data Down'!$C:$C,"<="&'Summary KPI'!$G$5,'Data Down'!$C:$C,">="&'Summary KPI'!$E$5) -> 0 | AD27: =(L27-AQ27)/L27 -> 0.96437494 | AE27: =+IF(F27=0,0,F27/(F27+G27+J27)) -> 0.56666667 | AF27: =+IFERROR(F27/(F27+G27),0) -> 0.94085083 | AG27: =+F27/(F27+AQ27+J27) -> 0.56666667 | AH27: =IF(SUM(N27:O27)=0,F27,F27/SUM(N27:O27)) -> 21.473684 | AI27: =+IF(O27=0,F27,F27/O27) -> 29.142857 | AJ27: =IFERROR(AQ27/SUM(N27:O27),0) -> 1.3500022 | AK27: =IF(M27=0,0,M27/SUM(M27:O27)) -> 0 | AL27: =IF(N27+O27+P27=0,0,(N27+P27)/(N27+O27+P27)) -> 0.26315789 | AM27: =IF(O27+N27+P27=0,0,O27/(N27+O27+P27)) -> 0.73684211 | AN27: =IF(R27+S27=0,0,R27/(R27+S27)) -> 0.31254061 | AO27: =IF(R27+S27=0,0,S27/(R27+S27)) -> 0.68745939 | AQ27: =+SUM(Q27:S27) -> 25.650041 | AR27: =+SUM(N27:O27) -> 19 | AT27: OB x 30 Unit TKI | AV27: 0.9 | AW27: 120 | AX27: 6
A28: =+A27+1 -> 19 | B28: DT MERCY 099 | C28: =VLOOKUP(B28,Sort!B:C,2,FALSE) -> AXOR 3336K | D28: {=INDEX(HM_Unit!D:D,MATCH('Summary KPI'!B28,HM_Unit!A:A,0))} -> 19561 | E28: {=INDEX(HM_Unit!CD:CD,MATCH('Summary KPI'!B28,HM_Unit!A:A,0))} -> 19960 | F28: =E28-D28 -> 399 | G28: =SUM(R28:S28) -> 47.033409 | H28: =Q28 -> 0 | I28: =+Z28 -> 0 | J28: =L28-F28-I28-G28-H28 -> 273.96659 | K28: =$J$5*24 -> 720 | L28: =$H$5*24 -> 720 | M28: =SUMIFS('Data Down'!U:U,'Data Down'!D:D,'Summary KPI'!B28,'Data Down'!Q:Q,'Summary KPI'!$M$8,'Data Down'!$C:$C,"<="&'Summary KPI'!$G$5,'Data Down'!$C:$C,">="&'Summary KPI'!$E$5) -> 0 | N28: =SUMIFS('Data Down'!U:U,'Data Down'!D:D,'Summary KPI'!B28,'Data Down'!Q:Q,'Summary KPI'!$N$8,'Data Down'!$C:$C,"<="&'Summary KPI'!$G$5,'Data Down'!$C:$C,">="&'Summary KPI'!$E$5) -> 6 | O28: =SUMIFS('Data Down'!U:U,'Data Down'!D:D,'Summary KPI'!B28,'Data Down'!Q:Q,'Summary KPI'!$O$8,'Data Down'!$C:$C,"<="&'Summary KPI'!$G$5,'Data Down'!$C:$C,">="&'Summary KPI'!$E$5) -> 19 | P28: =SUMIFS('Data Down'!U:U,'Data Down'!D:D,'Summary KPI'!B28,'Data Down'!Q:Q,'Summary KPI'!$P$8,'Data Down'!$C:$C,"<="&'Summary KPI'!$G$5,'Data Down'!$C:$C,">="&'Summary KPI'!$E$5) -> 0 | Q28: =SUMIFS('Data Down'!N:N,'Data Down'!$D:$D,'Summary KPI'!$B28,'Data Down'!$Q:$Q,'Summary KPI'!$Q$8,'Data Down'!$C:$C,"<="&'Summary KPI'!$G$5,'Data Down'!$C:$C,">="&'Summary KPI'!$E$5) -> 0 | R28: =SUMIFS('Data Down'!N:N,'Data Down'!D:D,'Summary KPI'!B28,'Data Down'!Q:Q,'Summary KPI'!$R$8,'Data Down'!$C:$C,"<="&'Summary KPI'!$G$5,'Data Down'!$C:$C,">="&'Summary KPI'!$E$5) -> 10.850017 | S28: =SUMIFS('Data Down'!N:N,'Data Down'!D:D,'Summary KPI'!B28,'Data Down'!Q:Q,'Summary KPI'!$S$8,'Data Down'!$C:$C,"<="&'Summary KPI'!$G$5,'Data Down'!$C:$C,">="&'Summary KPI'!$E$5) -> 36.183391 | T28: =SUMIFS('Data Down'!N:N,'Data Down'!D:D,'Summary KPI'!B28,'Data Down'!Q:Q,'Summary KPI'!$T$8,'Data Down'!$C:$C,"<="&'Summary KPI'!$G$5,'Data Down'!$C:$C,">="&'Summary KPI'!$E$5) -> 0 | U28: =+SUMIFS('Data Down'!$N:$N,'Data Down'!$D:$D,'Summary KPI'!B28,'Data Down'!$R:$R,'Summary KPI'!$U$7,'Data Down'!$C:$C,"<="&'Summary KPI'!$G$5,'Data Down'!$C:$C,">="&'Summary KPI'!$E$5) -> 0 | V28: =+SUMIFS('Data Down'!$N:$N,'Data Down'!$D:$D,'Summary KPI'!B28,'Data Down'!$R:$R,'Summary KPI'!$V$7,'Data Down'!$C:$C,"<="&'Summary KPI'!$G$5,'Data Down'!$C:$C,">="&'Summary KPI'!$E$5) -> 0 | W28: =+SUMIFS('Data Down'!$N:$N,'Data Down'!$D:$D,'Summary KPI'!B28,'Data Down'!$R:$R,'Summary KPI'!$W$7,'Data Down'!$C:$C,"<="&'Summary KPI'!$G$5,'Data Down'!$C:$C,">="&'Summary KPI'!$E$5) -> 0 | X28: =+SUMIFS('Data Down'!$N:$N,'Data Down'!$D:$D,'Summary KPI'!B28,'Data Down'!$R:$R,'Summary KPI'!$X$7,'Data Down'!$C:$C,"<="&'Summary KPI'!$G$5,'Data Down'!$C:$C,">="&'Summary KPI'!$E$5) -> 0 | Y28: =+SUMIFS('Data Down'!$N:$N,'Data Down'!$D:$D,'Summary KPI'!B28,'Data Down'!$R:$R,'Summary KPI'!$Y$7,'Data Down'!$C:$C,"<="&'Summary KPI'!$G$5,'Data Down'!$C:$C,">="&'Summary KPI'!$E$5) -> 47.033409 | Z28: =+SUMIFS('Data Down'!$N:$N,'Data Down'!$D:$D,'Summary KPI'!B28,'Data Down'!$R:$R,'Summary KPI'!$Z$7,'Data Down'!$C:$C,"<="&'Summary KPI'!$G$5,'Data Down'!$C:$C,">="&'Summary KPI'!$E$5) -> 0 | AA28: =+SUMIFS('Data Down'!$N:$N,'Data Down'!$D:$D,'Summary KPI'!B28,'Data Down'!$R:$R,'Summary KPI'!$AA$7,'Data Down'!$C:$C,"<="&'Summary KPI'!$G$5,'Data Down'!$C:$C,">="&'Summary KPI'!$E$5) -> 0 | AB28: =+SUMIFS('Data Down'!$N:$N,'Data Down'!$D:$D,'Summary KPI'!B28,'Data Down'!$R:$R,'Summary KPI'!$AB$7,'Data Down'!$C:$C,"<="&'Summary KPI'!$G$5,'Data Down'!$C:$C,">="&'Summary KPI'!$E$5) -> 0 | AC28: =+SUMIFS('Data Down'!$N:$N,'Data Down'!$D:$D,'Summary KPI'!B28,'Data Down'!$R:$R,'Summary KPI'!$AC$7,'Data Down'!$C:$C,"<="&'Summary KPI'!$G$5,'Data Down'!$C:$C,">="&'Summary KPI'!$E$5) -> 0 | AD28: =(L28-AQ28)/L28 -> 0.93467582 | AE28: =+IF(F28=0,0,F28/(F28+G28+J28)) -> 0.55416667 | AF28: =+IFERROR(F28/(F28+G28),0) -> 0.89455183 | AG28: =+F28/(F28+AQ28+J28) -> 0.55416667 | AH28: =IF(SUM(N28:O28)=0,F28,F28/SUM(N28:O28)) -> 15.96 | AI28: =+IF(O28=0,F28,F28/O28) -> 21 | AJ28: =IFERROR(AQ28/SUM(N28:O28),0) -> 1.8813363 | AK28: =IF(M28=0,0,M28/SUM(M28:O28)) -> 0 | AL28: =IF(N28+O28+P28=0,0,(N28+P28)/(N28+O28+P28)) -> 0.24 | AM28: =IF(O28+N28+P28=0,0,O28/(N28+O28+P28)) -> 0.76 | AN28: =IF(R28+S28=0,0,R28/(R28+S28)) -> 0.23068746 | AO28: =IF(R28+S28=0,0,S28/(R28+S28)) -> 0.76931254 | AQ28: =+SUM(Q28:S28) -> 47.033409 | AR28: =+SUM(N28:O28) -> 25 | AT28: OB x 30 Unit TKI | AV28: 0.9 | AW28: 120 | AX28: 6
... A48: =+A47+1 -> 39 | B48: WP 08 | C48: =VLOOKUP(B48,Sort!B:C,2,FALSE) -> WATER PUMP | D48: {=INDEX(HM_Unit!D:D,MATCH('Summary KPI'!B48,HM_Unit!A:A,0))} -> 2149 | E48: {=INDEX(HM_Unit!CD:CD,MATCH('Summary KPI'!B48,HM_Unit!A:A,0))} -> 2208 | F48: =E48-D48 -> 59 | G48: =SUM(R48:S48) -> 0 | H48: =Q48 -> 0 | I48: =+Z48 -> 0 | J48: =L48-F48-I48-G48-H48 -> 661 | K48: =$J$5*24 -> 720 | L48: =$H$5*24 -> 720 | M48: =SUMIFS('Data Down'!U:U,'Data Down'!D:D,'Summary KPI'!B48,'Data Down'!Q:Q,'Summary KPI'!$M$8,'Data Down'!$C:$C,"<="&'Summary KPI'!$G$5,'Data Down'!$C:$C,">="&'Summary KPI'!$E$5) -> 0 | N48: =SUMIFS('Data Down'!U:U,'Data Down'!D:D,'Summary KPI'!B48,'Data Down'!Q:Q,'Summary KPI'!$N$8,'Data Down'!$C:$C,"<="&'Summary KPI'!$G$5,'Data Down'!$C:$C,">="&'Summary KPI'!$E$5) -> 0 | O48: =SUMIFS('Data Down'!U:U,'Data Down'!D:D,'Summary KPI'!B48,'Data Down'!Q:Q,'Summary KPI'!$O$8,'Data Down'!$C:$C,"<="&'Summary KPI'!$G$5,'Data Down'!$C:$C,">="&'Summary KPI'!$E$5) -> 0 | P48: =SUMIFS('Data Down'!U:U,'Data Down'!D:D,'Summary KPI'!B48,'Data Down'!Q:Q,'Summary KPI'!$P$8,'Data Down'!$C:$C,"<="&'Summary KPI'!$G$5,'Data Down'!$C:$C,">="&'Summary KPI'!$E$5) -> 0 | Q48: =SUMIFS('Data Down'!N:N,'Data Down'!$D:$D,'Summary KPI'!$B48,'Data Down'!$Q:$Q,'Summary KPI'!$Q$8,'Data Down'!$C:$C,"<="&'Summary KPI'!$G$5,'Data Down'!$C:$C,">="&'Summary KPI'!$E$5) -> 0 | R48: =SUMIFS('Data Down'!N:N,'Data Down'!D:D,'Summary KPI'!B48,'Data Down'!Q:Q,'Summary KPI'!$R$8,'Data Down'!$C:$C,"<="&'Summary KPI'!$G$5,'Data Down'!$C:$C,">="&'Summary KPI'!$E$5) -> 0 | S48: =SUMIFS('Data Down'!N:N,'Data Down'!D:D,'Summary KPI'!B48,'Data Down'!Q:Q,'Summary KPI'!$S$8,'Data Down'!$C:$C,"<="&'Summary KPI'!$G$5,'Data Down'!$C:$C,">="&'Summary KPI'!$E$5) -> 0 | T48: =SUMIFS('Data Down'!N:N,'Data Down'!D:D,'Summary KPI'!B48,'Data Down'!Q:Q,'Summary KPI'!$T$8,'Data Down'!$C:$C,"<="&'Summary KPI'!$G$5,'Data Down'!$C:$C,">="&'Summary KPI'!$E$5) -> 0 | U48: =+SUMIFS('Data Down'!$N:$N,'Data Down'!$D:$D,'Summary KPI'!B48,'Data Down'!$R:$R,'Summary KPI'!$U$7,'Data Down'!$C:$C,"<="&'Summary KPI'!$G$5,'Data Down'!$C:$C,">="&'Summary KPI'!$E$5) -> 0 | V48: =+SUMIFS('Data Down'!$N:$N,'Data Down'!$D:$D,'Summary KPI'!B48,'Data Down'!$R:$R,'Summary KPI'!$V$7,'Data Down'!$C:$C,"<="&'Summary KPI'!$G$5,'Data Down'!$C:$C,">="&'Summary KPI'!$E$5) -> 0 | W48: =+SUMIFS('Data Down'!$N:$N,'Data Down'!$D:$D,'Summary KPI'!B48,'Data Down'!$R:$R,'Summary KPI'!$W$7,'Data Down'!$C:$C,"<="&'Summary KPI'!$G$5,'Data Down'!$C:$C,">="&'Summary KPI'!$E$5) -> 0 | X48: =+SUMIFS('Data Down'!$N:$N,'Data Down'!$D:$D,'Summary KPI'!B48,'Data Down'!$R:$R,'Summary KPI'!$X$7,'Data Down'!$C:$C,"<="&'Summary KPI'!$G$5,'Data Down'!$C:$C,">="&'Summary KPI'!$E$5) -> 0 | Y48: =+SUMIFS('Data Down'!$N:$N,'Data Down'!$D:$D,'Summary KPI'!B48,'Data Down'!$R:$R,'Summary KPI'!$Y$7,'Data Down'!$C:$C,"<="&'Summary KPI'!$G$5,'Data Down'!$C:$C,">="&'Summary KPI'!$E$5) -> 0 | Z48: =+SUMIFS('Data Down'!$N:$N,'Data Down'!$D:$D,'Summary KPI'!B48,'Data Down'!$R:$R,'Summary KPI'!$Z$7,'Data Down'!$C:$C,"<="&'Summary KPI'!$G$5,'Data Down'!$C:$C,">="&'Summary KPI'!$E$5) -> 0 | AA48: =+SUMIFS('Data Down'!$N:$N,'Data Down'!$D:$D,'Summary KPI'!B48,'Data Down'!$R:$R,'Summary KPI'!$AA$7,'Data Down'!$C:$C,"<="&'Summary KPI'!$G$5,'Data Down'!$C:$C,">="&'Summary KPI'!$E$5) -> 0 | AB48: =+SUMIFS('Data Down'!$N:$N,'Data Down'!$D:$D,'Summary KPI'!B48,'Data Down'!$R:$R,'Summary KPI'!$AB$7,'Data Down'!$C:$C,"<="&'Summary KPI'!$G$5,'Data Down'!$C:$C,">="&'Summary KPI'!$E$5) -> 0 | AC48: =+SUMIFS('Data Down'!$N:$N,'Data Down'!$D:$D,'Summary KPI'!B48,'Data Down'!$R:$R,'Summary KPI'!$AC$7,'Data Down'!$C:$C,"<="&'Summary KPI'!$G$5,'Data Down'!$C:$C,">="&'Summary KPI'!$E$5) -> 0 | AD48: =(L48-AQ48)/L48 -> 1 | AE48: =+IF(F48=0,0,F48/(F48+G48+J48)) -> 0.081944444 | AF48: =+IFERROR(F48/(F48+G48),0) -> 1 | AG48: =+F48/(F48+AQ48+J48) -> 0.081944444 | AH48: =IF(SUM(N48:O48)=0,F48,F48/SUM(N48:O48)) -> 59 | AI48: =+IF(O48=0,F48,F48/O48) -> 59 | AJ48: =IFERROR(AQ48/SUM(N48:O48),0) -> 0 | AK48: =IF(M48=0,0,M48/SUM(M48:O48)) -> 0 | AL48: =IF(N48+O48+P48=0,0,(N48+P48)/(N48+O48+P48)) -> 0 | AM48: =IF(O48+N48+P48=0,0,O48/(N48+O48+P48)) -> 0 | AN48: =IF(R48+S48=0,0,R48/(R48+S48)) -> 0 | AO48: =IF(R48+S48=0,0,S48/(R48+S48)) -> 0 | AQ48: =+SUM(Q48:S48) -> 0 | AR48: =+SUM(N48:O48) -> 0 | AT48: SUPPORT x 13 Unit | AV48: 0.85 | AW48: 80 | AX48: 6
A49: =+A48+1 -> 40 | B49: WP 09 | C49: =VLOOKUP(B49,Sort!B:C,2,FALSE) -> WATER PUMP | D49: {=INDEX(HM_Unit!D:D,MATCH('Summary KPI'!B49,HM_Unit!A:A,0))} -> 3146 | E49: {=INDEX(HM_Unit!CD:CD,MATCH('Summary KPI'!B49,HM_Unit!A:A,0))} -> 3255 | F49: =E49-D49 -> 109 | G49: =SUM(R49:S49) -> 0 | H49: =Q49 -> 0 | I49: =+Z49 -> 0 | J49: =L49-F49-I49-G49-H49 -> 611 | K49: =$J$5*24 -> 720 | L49: =$H$5*24 -> 720 | M49: =SUMIFS('Data Down'!U:U,'Data Down'!D:D,'Summary KPI'!B49,'Data Down'!Q:Q,'Summary KPI'!$M$8,'Data Down'!$C:$C,"<="&'Summary KPI'!$G$5,'Data Down'!$C:$C,">="&'Summary KPI'!$E$5) -> 0 | N49: =SUMIFS('Data Down'!U:U,'Data Down'!D:D,'Summary KPI'!B49,'Data Down'!Q:Q,'Summary KPI'!$N$8,'Data Down'!$C:$C,"<="&'Summary KPI'!$G$5,'Data Down'!$C:$C,">="&'Summary KPI'!$E$5) -> 0 | O49: =SUMIFS('Data Down'!U:U,'Data Down'!D:D,'Summary KPI'!B49,'Data Down'!Q:Q,'Summary KPI'!$O$8,'Data Down'!$C:$C,"<="&'Summary KPI'!$G$5,'Data Down'!$C:$C,">="&'Summary KPI'!$E$5) -> 0 | P49: =SUMIFS('Data Down'!U:U,'Data Down'!D:D,'Summary KPI'!B49,'Data Down'!Q:Q,'Summary KPI'!$P$8,'Data Down'!$C:$C,"<="&'Summary KPI'!$G$5,'Data Down'!$C:$C,">="&'Summary KPI'!$E$5) -> 0 | Q49: =SUMIFS('Data Down'!N:N,'Data Down'!$D:$D,'Summary KPI'!$B49,'Data Down'!$Q:$Q,'Summary KPI'!$Q$8,'Data Down'!$C:$C,"<="&'Summary KPI'!$G$5,'Data Down'!$C:$C,">="&'Summary KPI'!$E$5) -> 0 | R49: =SUMIFS('Data Down'!N:N,'Data Down'!D:D,'Summary KPI'!B49,'Data Down'!Q:Q,'Summary KPI'!$R$8,'Data Down'!$C:$C,"<="&'Summary KPI'!$G$5,'Data Down'!$C:$C,">="&'Summary KPI'!$E$5) -> 0 | S49: =SUMIFS('Data Down'!N:N,'Data Down'!D:D,'Summary KPI'!B49,'Data Down'!Q:Q,'Summary KPI'!$S$8,'Data Down'!$C:$C,"<="&'Summary KPI'!$G$5,'Data Down'!$C:$C,">="&'Summary KPI'!$E$5) -> 0 | T49: =SUMIFS('Data Down'!N:N,'Data Down'!D:D,'Summary KPI'!B49,'Data Down'!Q:Q,'Summary KPI'!$T$8,'Data Down'!$C:$C,"<="&'Summary KPI'!$G$5,'Data Down'!$C:$C,">="&'Summary KPI'!$E$5) -> 0 | U49: =+SUMIFS('Data Down'!$N:$N,'Data Down'!$D:$D,'Summary KPI'!B49,'Data Down'!$R:$R,'Summary KPI'!$U$7,'Data Down'!$C:$C,"<="&'Summary KPI'!$G$5,'Data Down'!$C:$C,">="&'Summary KPI'!$E$5) -> 0 | V49: =+SUMIFS('Data Down'!$N:$N,'Data Down'!$D:$D,'Summary KPI'!B49,'Data Down'!$R:$R,'Summary KPI'!$V$7,'Data Down'!$C:$C,"<="&'Summary KPI'!$G$5,'Data Down'!$C:$C,">="&'Summary KPI'!$E$5) -> 0 | W49: =+SUMIFS('Data Down'!$N:$N,'Data Down'!$D:$D,'Summary KPI'!B49,'Data Down'!$R:$R,'Summary KPI'!$W$7,'Data Down'!$C:$C,"<="&'Summary KPI'!$G$5,'Data Down'!$C:$C,">="&'Summary KPI'!$E$5) -> 0 | X49: =+SUMIFS('Data Down'!$N:$N,'Data Down'!$D:$D,'Summary KPI'!B49,'Data Down'!$R:$R,'Summary KPI'!$X$7,'Data Down'!$C:$C,"<="&'Summary KPI'!$G$5,'Data Down'!$C:$C,">="&'Summary KPI'!$E$5) -> 0 | Y49: =+SUMIFS('Data Down'!$N:$N,'Data Down'!$D:$D,'Summary KPI'!B49,'Data Down'!$R:$R,'Summary KPI'!$Y$7,'Data Down'!$C:$C,"<="&'Summary KPI'!$G$5,'Data Down'!$C:$C,">="&'Summary KPI'!$E$5) -> 0 | Z49: =+SUMIFS('Data Down'!$N:$N,'Data Down'!$D:$D,'Summary KPI'!B49,'Data Down'!$R:$R,'Summary KPI'!$Z$7,'Data Down'!$C:$C,"<="&'Summary KPI'!$G$5,'Data Down'!$C:$C,">="&'Summary KPI'!$E$5) -> 0 | AA49: =+SUMIFS('Data Down'!$N:$N,'Data Down'!$D:$D,'Summary KPI'!B49,'Data Down'!$R:$R,'Summary KPI'!$AA$7,'Data Down'!$C:$C,"<="&'Summary KPI'!$G$5,'Data Down'!$C:$C,">="&'Summary KPI'!$E$5) -> 0 | AB49: =+SUMIFS('Data Down'!$N:$N,'Data Down'!$D:$D,'Summary KPI'!B49,'Data Down'!$R:$R,'Summary KPI'!$AB$7,'Data Down'!$C:$C,"<="&'Summary KPI'!$G$5,'Data Down'!$C:$C,">="&'Summary KPI'!$E$5) -> 0 | AC49: =+SUMIFS('Data Down'!$N:$N,'Data Down'!$D:$D,'Summary KPI'!B49,'Data Down'!$R:$R,'Summary KPI'!$AC$7,'Data Down'!$C:$C,"<="&'Summary KPI'!$G$5,'Data Down'!$C:$C,">="&'Summary KPI'!$E$5) -> 0 | AD49: =(L49-AQ49)/L49 -> 1 | AE49: =+IF(F49=0,0,F49/(F49+G49+J49)) -> 0.15138889 | AF49: =+IFERROR(F49/(F49+G49),0) -> 1 | AG49: =+F49/(F49+AQ49+J49) -> 0.15138889 | AH49: =IF(SUM(N49:O49)=0,F49,F49/SUM(N49:O49)) -> 109 | AI49: =+IF(O49=0,F49,F49/O49) -> 109 | AJ49: 0 | AK49: =IF(M49=0,0,M49/SUM(M49:O49)) -> 0 | AL49: =IF(N49+O49+P49=0,0,(N49+P49)/(N49+O49+P49)) -> 0 | AM49: =IF(O49+N49+P49=0,0,O49/(N49+O49+P49)) -> 0 | AN49: =IF(R49+S49=0,0,R49/(R49+S49)) -> 0 | AO49: =IF(R49+S49=0,0,S49/(R49+S49)) -> 0 | AQ49: =+SUM(Q49:S49) -> 0 | AR49: =+SUM(N49:O49) -> 0 | AT49: SUPPORT x 13 Unit | AV49: 0.85 | AW49: 80 | AX49: 6
A50: =+A49+1 -> 41 | B50: WP 10 | C50: =VLOOKUP(B50,Sort!B:C,2,FALSE) -> WATER PUMP | D50: {=INDEX(HM_Unit!D:D,MATCH('Summary KPI'!B50,HM_Unit!A:A,0))} -> 5891 | E50: {=INDEX(HM_Unit!CD:CD,MATCH('Summary KPI'!B50,HM_Unit!A:A,0))} -> 6053 | F50: =E50-D50 -> 162 | G50: =SUM(R50:S50) -> 0 | H50: =Q50 -> 0 | I50: =+Z50 -> 0 | J50: =L50-F50-I50-G50-H50 -> 558 | K50: =$J$5*24 -> 720 | L50: =$H$5*24 -> 720 | M50: =SUMIFS('Data Down'!U:U,'Data Down'!D:D,'Summary KPI'!B50,'Data Down'!Q:Q,'Summary KPI'!$M$8,'Data Down'!$C:$C,"<="&'Summary KPI'!$G$5,'Data Down'!$C:$C,">="&'Summary KPI'!$E$5) -> 0 | N50: =SUMIFS('Data Down'!U:U,'Data Down'!D:D,'Summary KPI'!B50,'Data Down'!Q:Q,'Summary KPI'!$N$8,'Data Down'!$C:$C,"<="&'Summary KPI'!$G$5,'Data Down'!$C:$C,">="&'Summary KPI'!$E$5) -> 0 | O50: =SUMIFS('Data Down'!U:U,'Data Down'!D:D,'Summary KPI'!B50,'Data Down'!Q:Q,'Summary KPI'!$O$8,'Data Down'!$C:$C,"<="&'Summary KPI'!$G$5,'Data Down'!$C:$C,">="&'Summary KPI'!$E$5) -> 0 | P50: =SUMIFS('Data Down'!U:U,'Data Down'!D:D,'Summary KPI'!B50,'Data Down'!Q:Q,'Summary KPI'!$P$8,'Data Down'!$C:$C,"<="&'Summary KPI'!$G$5,'Data Down'!$C:$C,">="&'Summary KPI'!$E$5) -> 0 | Q50: =SUMIFS('Data Down'!N:N,'Data Down'!$D:$D,'Summary KPI'!$B50,'Data Down'!$Q:$Q,'Summary KPI'!$Q$8,'Data Down'!$C:$C,"<="&'Summary KPI'!$G$5,'Data Down'!$C:$C,">="&'Summary KPI'!$E$5) -> 0 | R50: =SUMIFS('Data Down'!N:N,'Data Down'!D:D,'Summary KPI'!B50,'Data Down'!Q:Q,'Summary KPI'!$R$8,'Data Down'!$C:$C,"<="&'Summary KPI'!$G$5,'Data Down'!$C:$C,">="&'Summary KPI'!$E$5) -> 0 | S50: =SUMIFS('Data Down'!N:N,'Data Down'!D:D,'Summary KPI'!B50,'Data Down'!Q:Q,'Summary KPI'!$S$8,'Data Down'!$C:$C,"<="&'Summary KPI'!$G$5,'Data Down'!$C:$C,">="&'Summary KPI'!$E$5) -> 0 | T50: =SUMIFS('Data Down'!N:N,'Data Down'!D:D,'Summary KPI'!B50,'Data Down'!Q:Q,'Summary KPI'!$T$8,'Data Down'!$C:$C,"<="&'Summary KPI'!$G$5,'Data Down'!$C:$C,">="&'Summary KPI'!$E$5) -> 0 | U50: =+SUMIFS('Data Down'!$N:$N,'Data Down'!$D:$D,'Summary KPI'!B50,'Data Down'!$R:$R,'Summary KPI'!$U$7,'Data Down'!$C:$C,"<="&'Summary KPI'!$G$5,'Data Down'!$C:$C,">="&'Summary KPI'!$E$5) -> 0 | V50: =+SUMIFS('Data Down'!$N:$N,'Data Down'!$D:$D,'Summary KPI'!B50,'Data Down'!$R:$R,'Summary KPI'!$V$7,'Data Down'!$C:$C,"<="&'Summary KPI'!$G$5,'Data Down'!$C:$C,">="&'Summary KPI'!$E$5) -> 0 | W50: =+SUMIFS('Data Down'!$N:$N,'Data Down'!$D:$D,'Summary KPI'!B50,'Data Down'!$R:$R,'Summary KPI'!$W$7,'Data Down'!$C:$C,"<="&'Summary KPI'!$G$5,'Data Down'!$C:$C,">="&'Summary KPI'!$E$5) -> 0 | X50: =+SUMIFS('Data Down'!$N:$N,'Data Down'!$D:$D,'Summary KPI'!B50,'Data Down'!$R:$R,'Summary KPI'!$X$7,'Data Down'!$C:$C,"<="&'Summary KPI'!$G$5,'Data Down'!$C:$C,">="&'Summary KPI'!$E$5) -> 0 | Y50: =+SUMIFS('Data Down'!$N:$N,'Data Down'!$D:$D,'Summary KPI'!B50,'Data Down'!$R:$R,'Summary KPI'!$Y$7,'Data Down'!$C:$C,"<="&'Summary KPI'!$G$5,'Data Down'!$C:$C,">="&'Summary KPI'!$E$5) -> 0 | Z50: =+SUMIFS('Data Down'!$N:$N,'Data Down'!$D:$D,'Summary KPI'!B50,'Data Down'!$R:$R,'Summary KPI'!$Z$7,'Data Down'!$C:$C,"<="&'Summary KPI'!$G$5,'Data Down'!$C:$C,">="&'Summary KPI'!$E$5) -> 0 | AA50: =+SUMIFS('Data Down'!$N:$N,'Data Down'!$D:$D,'Summary KPI'!B50,'Data Down'!$R:$R,'Summary KPI'!$AA$7,'Data Down'!$C:$C,"<="&'Summary KPI'!$G$5,'Data Down'!$C:$C,">="&'Summary KPI'!$E$5) -> 0 | AB50: =+SUMIFS('Data Down'!$N:$N,'Data Down'!$D:$D,'Summary KPI'!B50,'Data Down'!$R:$R,'Summary KPI'!$AB$7,'Data Down'!$C:$C,"<="&'Summary KPI'!$G$5,'Data Down'!$C:$C,">="&'Summary KPI'!$E$5) -> 0 | AC50: =+SUMIFS('Data Down'!$N:$N,'Data Down'!$D:$D,'Summary KPI'!B50,'Data Down'!$R:$R,'Summary KPI'!$AC$7,'Data Down'!$C:$C,"<="&'Summary KPI'!$G$5,'Data Down'!$C:$C,">="&'Summary KPI'!$E$5) -> 0 | AD50: =(L50-AQ50)/L50 -> 1 | AE50: =+IF(F50=0,0,F50/(F50+G50+J50)) -> 0.225 | AF50: =+IFERROR(F50/(F50+G50),0) -> 1 | AG50: =+F50/(F50+AQ50+J50) -> 0.225 | AH50: =IF(SUM(N50:O50)=0,F50,F50/SUM(N50:O50)) -> 162 | AI50: =+IF(O50=0,F50,F50/O50) -> 162 | AJ50: =IFERROR(AQ50/SUM(N50:O50),0) -> 0 | AK50: =IF(M50=0,0,M50/SUM(M50:O50)) -> 0 | AL50: =IF(N50+O50+P50=0,0,(N50+P50)/(N50+O50+P50)) -> 0 | AM50: =IF(O50+N50+P50=0,0,O50/(N50+O50+P50)) -> 0 | AN50: =IF(R50+S50=0,0,R50/(R50+S50)) -> 0 | AO50: =IF(R50+S50=0,0,S50/(R50+S50)) -> 0 | AQ50: =+SUM(Q50:S50) -> 0 | AR50: =+SUM(N50:O50) -> 0 | AT50: SUPPORT x 13 Unit | AV50: 0.85 | AW50: 80 | AX50: 6
A51: =+A50+1 -> 42 | B51: WP 11 | C51: =VLOOKUP(B51,Sort!B:C,2,FALSE) -> WATER PUMP | D51: {=INDEX(HM_Unit!D:D,MATCH('Summary KPI'!B51,HM_Unit!A:A,0))} -> 6011 | E51: {=INDEX(HM_Unit!CD:CD,MATCH('Summary KPI'!B51,HM_Unit!A:A,0))} -> 6084 | F51: =E51-D51 -> 73 | G51: =SUM(R51:S51) -> 0 | H51: =Q51 -> 0 | I51: =+Z51 -> 0 | J51: =L51-F51-I51-G51-H51 -> 647 | K51: =$J$5*24 -> 720 | L51: =$H$5*24 -> 720 | M51: =SUMIFS('Data Down'!U:U,'Data Down'!D:D,'Summary KPI'!B51,'Data Down'!Q:Q,'Summary KPI'!$M$8,'Data Down'!$C:$C,"<="&'Summary KPI'!$G$5,'Data Down'!$C:$C,">="&'Summary KPI'!$E$5) -> 0 | N51: =SUMIFS('Data Down'!U:U,'Data Down'!D:D,'Summary KPI'!B51,'Data Down'!Q:Q,'Summary KPI'!$N$8,'Data Down'!$C:$C,"<="&'Summary KPI'!$G$5,'Data Down'!$C:$C,">="&'Summary KPI'!$E$5) -> 0 | O51: =SUMIFS('Data Down'!U:U,'Data Down'!D:D,'Summary KPI'!B51,'Data Down'!Q:Q,'Summary KPI'!$O$8,'Data Down'!$C:$C,"<="&'Summary KPI'!$G$5,'Data Down'!$C:$C,">="&'Summary KPI'!$E$5) -> 0 | P51: =SUMIFS('Data Down'!U:U,'Data Down'!D:D,'Summary KPI'!B51,'Data Down'!Q:Q,'Summary KPI'!$P$8,'Data Down'!$C:$C,"<="&'Summary KPI'!$G$5,'Data Down'!$C:$C,">="&'Summary KPI'!$E$5) -> 0 | Q51: =SUMIFS('Data Down'!N:N,'Data Down'!$D:$D,'Summary KPI'!$B51,'Data Down'!$Q:$Q,'Summary KPI'!$Q$8,'Data Down'!$C:$C,"<="&'Summary KPI'!$G$5,'Data Down'!$C:$C,">="&'Summary KPI'!$E$5) -> 0 | R51: =SUMIFS('Data Down'!N:N,'Data Down'!D:D,'Summary KPI'!B51,'Data Down'!Q:Q,'Summary KPI'!$R$8,'Data Down'!$C:$C,"<="&'Summary KPI'!$G$5,'Data Down'!$C:$C,">="&'Summary KPI'!$E$5) -> 0 | S51: =SUMIFS('Data Down'!N:N,'Data Down'!D:D,'Summary KPI'!B51,'Data Down'!Q:Q,'Summary KPI'!$S$8,'Data Down'!$C:$C,"<="&'Summary KPI'!$G$5,'Data Down'!$C:$C,">="&'Summary KPI'!$E$5) -> 0 | T51: =SUMIFS('Data Down'!N:N,'Data Down'!D:D,'Summary KPI'!B51,'Data Down'!Q:Q,'Summary KPI'!$T$8,'Data Down'!$C:$C,"<="&'Summary KPI'!$G$5,'Data Down'!$C:$C,">="&'Summary KPI'!$E$5) -> 0 | U51: =+SUMIFS('Data Down'!$N:$N,'Data Down'!$D:$D,'Summary KPI'!B51,'Data Down'!$R:$R,'Summary KPI'!$U$7,'Data Down'!$C:$C,"<="&'Summary KPI'!$G$5,'Data Down'!$C:$C,">="&'Summary KPI'!$E$5) -> 0 | V51: =+SUMIFS('Data Down'!$N:$N,'Data Down'!$D:$D,'Summary KPI'!B51,'Data Down'!$R:$R,'Summary KPI'!$V$7,'Data Down'!$C:$C,"<="&'Summary KPI'!$G$5,'Data Down'!$C:$C,">="&'Summary KPI'!$E$5) -> 0 | W51: =+SUMIFS('Data Down'!$N:$N,'Data Down'!$D:$D,'Summary KPI'!B51,'Data Down'!$R:$R,'Summary KPI'!$W$7,'Data Down'!$C:$C,"<="&'Summary KPI'!$G$5,'Data Down'!$C:$C,">="&'Summary KPI'!$E$5) -> 0 | X51: =+SUMIFS('Data Down'!$N:$N,'Data Down'!$D:$D,'Summary KPI'!B51,'Data Down'!$R:$R,'Summary KPI'!$X$7,'Data Down'!$C:$C,"<="&'Summary KPI'!$G$5,'Data Down'!$C:$C,">="&'Summary KPI'!$E$5) -> 0 | Y51: =+SUMIFS('Data Down'!$N:$N,'Data Down'!$D:$D,'Summary KPI'!B51,'Data Down'!$R:$R,'Summary KPI'!$Y$7,'Data Down'!$C:$C,"<="&'Summary KPI'!$G$5,'Data Down'!$C:$C,">="&'Summary KPI'!$E$5) -> 0 | Z51: =+SUMIFS('Data Down'!$N:$N,'Data Down'!$D:$D,'Summary KPI'!B51,'Data Down'!$R:$R,'Summary KPI'!$Z$7,'Data Down'!$C:$C,"<="&'Summary KPI'!$G$5,'Data Down'!$C:$C,">="&'Summary KPI'!$E$5) -> 0 | AA51: =+SUMIFS('Data Down'!$N:$N,'Data Down'!$D:$D,'Summary KPI'!B51,'Data Down'!$R:$R,'Summary KPI'!$AA$7,'Data Down'!$C:$C,"<="&'Summary KPI'!$G$5,'Data Down'!$C:$C,">="&'Summary KPI'!$E$5) -> 0 | AB51: =+SUMIFS('Data Down'!$N:$N,'Data Down'!$D:$D,'Summary KPI'!B51,'Data Down'!$R:$R,'Summary KPI'!$AB$7,'Data Down'!$C:$C,"<="&'Summary KPI'!$G$5,'Data Down'!$C:$C,">="&'Summary KPI'!$E$5) -> 0 | AC51: =+SUMIFS('Data Down'!$N:$N,'Data Down'!$D:$D,'Summary KPI'!B51,'Data Down'!$R:$R,'Summary KPI'!$AC$7,'Data Down'!$C:$C,"<="&'Summary KPI'!$G$5,'Data Down'!$C:$C,">="&'Summary KPI'!$E$5) -> 0 | AD51: =(L51-AQ51)/L51 -> 1 | AE51: =+IF(F51=0,0,F51/(F51+G51+J51)) -> 0.10138889 | AF51: =+IFERROR(F51/(F51+G51),0) -> 1 | AG51: =+F51/(F51+AQ51+J51) -> 0.10138889 | AH51: =IF(SUM(N51:O51)=0,F51,F51/SUM(N51:O51)) -> 73 | AI51: =+IF(O51=0,F51,F51/O51) -> 73 | AJ51: =IFERROR(AQ51/SUM(N51:O51),0) -> 0 | AK51: =IF(M51=0,0,M51/SUM(M51:O51)) -> 0 | AL51: =IF(N51+O51+P51=0,0,(N51+P51)/(N51+O51+P51)) -> 0 | AM51: =IF(O51+N51+P51=0,0,O51/(N51+O51+P51)) -> 0 | AN51: =IF(R51+S51=0,0,R51/(R51+S51)) -> 0 | AO51: =IF(R51+S51=0,0,S51/(R51+S51)) -> 0 | AQ51: =+SUM(Q51:S51) -> 0 | AR51: =+SUM(N51:O51) -> 0 | AT51: SUPPORT x 13 Unit | AV51: 0.85 | AW51: 80 | AX51: 6
A52: =+A51+1 -> 43 | B52: WP 12 | C52: =VLOOKUP(B52,Sort!B:C,2,FALSE) -> WATER PUMP | D52: {=INDEX(HM_Unit!D:D,MATCH('Summary KPI'!B52,HM_Unit!A:A,0))} -> 6641 | E52: {=INDEX(HM_Unit!CD:CD,MATCH('Summary KPI'!B52,HM_Unit!A:A,0))} -> 6668 | F52: =E52-D52 -> 27 | G52: =SUM(R52:S52) -> 0 | H52: =Q52 -> 0 | I52: =+Z52 -> 0 | J52: =L52-F52-I52-G52-H52 -> 693 | K52: =$J$5*24 -> 720 | L52: =$H$5*24 -> 720 | M52: =SUMIFS('Data Down'!U:U,'Data Down'!D:D,'Summary KPI'!B52,'Data Down'!Q:Q,'Summary KPI'!$M$8,'Data Down'!$C:$C,"<="&'Summary KPI'!$G$5,'Data Down'!$C:$C,">="&'Summary KPI'!$E$5) -> 0 | N52: =SUMIFS('Data Down'!U:U,'Data Down'!D:D,'Summary KPI'!B52,'Data Down'!Q:Q,'Summary KPI'!$N$8,'Data Down'!$C:$C,"<="&'Summary KPI'!$G$5,'Data Down'!$C:$C,">="&'Summary KPI'!$E$5) -> 0 | O52: =SUMIFS('Data Down'!U:U,'Data Down'!D:D,'Summary KPI'!B52,'Data Down'!Q:Q,'Summary KPI'!$O$8,'Data Down'!$C:$C,"<="&'Summary KPI'!$G$5,'Data Down'!$C:$C,">="&'Summary KPI'!$E$5) -> 0 | P52: =SUMIFS('Data Down'!U:U,'Data Down'!D:D,'Summary KPI'!B52,'Data Down'!Q:Q,'Summary KPI'!$P$8,'Data Down'!$C:$C,"<="&'Summary KPI'!$G$5,'Data Down'!$C:$C,">="&'Summary KPI'!$E$5) -> 0 | Q52: =SUMIFS('Data Down'!N:N,'Data Down'!$D:$D,'Summary KPI'!$B52,'Data Down'!$Q:$Q,'Summary KPI'!$Q$8,'Data Down'!$C:$C,"<="&'Summary KPI'!$G$5,'Data Down'!$C:$C,">="&'Summary KPI'!$E$5) -> 0 | R52: =SUMIFS('Data Down'!N:N,'Data Down'!D:D,'Summary KPI'!B52,'Data Down'!Q:Q,'Summary KPI'!$R$8,'Data Down'!$C:$C,"<="&'Summary KPI'!$G$5,'Data Down'!$C:$C,">="&'Summary KPI'!$E$5) -> 0 | S52: =SUMIFS('Data Down'!N:N,'Data Down'!D:D,'Summary KPI'!B52,'Data Down'!Q:Q,'Summary KPI'!$S$8,'Data Down'!$C:$C,"<="&'Summary KPI'!$G$5,'Data Down'!$C:$C,">="&'Summary KPI'!$E$5) -> 0 | T52: =SUMIFS('Data Down'!N:N,'Data Down'!D:D,'Summary KPI'!B52,'Data Down'!Q:Q,'Summary KPI'!$T$8,'Data Down'!$C:$C,"<="&'Summary KPI'!$G$5,'Data Down'!$C:$C,">="&'Summary KPI'!$E$5) -> 0 | U52: =+SUMIFS('Data Down'!$N:$N,'Data Down'!$D:$D,'Summary KPI'!B52,'Data Down'!$R:$R,'Summary KPI'!$U$7,'Data Down'!$C:$C,"<="&'Summary KPI'!$G$5,'Data Down'!$C:$C,">="&'Summary KPI'!$E$5) -> 0 | V52: =+SUMIFS('Data Down'!$N:$N,'Data Down'!$D:$D,'Summary KPI'!B52,'Data Down'!$R:$R,'Summary KPI'!$V$7,'Data Down'!$C:$C,"<="&'Summary KPI'!$G$5,'Data Down'!$C:$C,">="&'Summary KPI'!$E$5) -> 0 | W52: =+SUMIFS('Data Down'!$N:$N,'Data Down'!$D:$D,'Summary KPI'!B52,'Data Down'!$R:$R,'Summary KPI'!$W$7,'Data Down'!$C:$C,"<="&'Summary KPI'!$G$5,'Data Down'!$C:$C,">="&'Summary KPI'!$E$5) -> 0 | X52: =+SUMIFS('Data Down'!$N:$N,'Data Down'!$D:$D,'Summary KPI'!B52,'Data Down'!$R:$R,'Summary KPI'!$X$7,'Data Down'!$C:$C,"<="&'Summary KPI'!$G$5,'Data Down'!$C:$C,">="&'Summary KPI'!$E$5) -> 0 | Y52: =+SUMIFS('Data Down'!$N:$N,'Data Down'!$D:$D,'Summary KPI'!B52,'Data Down'!$R:$R,'Summary KPI'!$Y$7,'Data Down'!$C:$C,"<="&'Summary KPI'!$G$5,'Data Down'!$C:$C,">="&'Summary KPI'!$E$5) -> 0 | Z52: =+SUMIFS('Data Down'!$N:$N,'Data Down'!$D:$D,'Summary KPI'!B52,'Data Down'!$R:$R,'Summary KPI'!$Z$7,'Data Down'!$C:$C,"<="&'Summary KPI'!$G$5,'Data Down'!$C:$C,">="&'Summary KPI'!$E$5) -> 0 | AA52: =+SUMIFS('Data Down'!$N:$N,'Data Down'!$D:$D,'Summary KPI'!B52,'Data Down'!$R:$R,'Summary KPI'!$AA$7,'Data Down'!$C:$C,"<="&'Summary KPI'!$G$5,'Data Down'!$C:$C,">="&'Summary KPI'!$E$5) -> 0 | AB52: =+SUMIFS('Data Down'!$N:$N,'Data Down'!$D:$D,'Summary KPI'!B52,'Data Down'!$R:$R,'Summary KPI'!$AB$7,'Data Down'!$C:$C,"<="&'Summary KPI'!$G$5,'Data Down'!$C:$C,">="&'Summary KPI'!$E$5) -> 0 | AC52: =+SUMIFS('Data Down'!$N:$N,'Data Down'!$D:$D,'Summary KPI'!B52,'Data Down'!$R:$R,'Summary KPI'!$AC$7,'Data Down'!$C:$C,"<="&'Summary KPI'!$G$5,'Data Down'!$C:$C,">="&'Summary KPI'!$E$5) -> 0 | AD52: =(L52-AQ52)/L52 -> 1 | AE52: =+IF(F52=0,0,F52/(F52+G52+J52)) -> 0.0375 | AF52: =+IFERROR(F52/(F52+G52),0) -> 1 | AG52: =+F52/(F52+AQ52+J52) -> 0.0375 | AH52: =IF(SUM(N52:O52)=0,F52,F52/SUM(N52:O52)) -> 27 | AI52: =+IF(O52=0,F52,F52/O52) -> 27 | AJ52: =IFERROR(AQ52/SUM(N52:O52),0) -> 0 | AK52: =IF(M52=0,0,M52/SUM(M52:O52)) -> 0 | AL52: =IF(N52+O52+P52=0,0,(N52+P52)/(N52+O52+P52)) -> 0 | AM52: =IF(O52+N52+P52=0,0,O52/(N52+O52+P52)) -> 0 | AN52: =IF(R52+S52=0,0,R52/(R52+S52)) -> 0 | AO52: =IF(R52+S52=0,0,S52/(R52+S52)) -> 0 | AQ52: =+SUM(Q52:S52) -> 0 | AR52: =+SUM(N52:O52) -> 0 | AT52: SUPPORT x 13 Unit | AV52: 0.85 | AW52: 80 | AX52: 6
A53: =+A52+1 -> 44 | B53: WP 13 | C53: =VLOOKUP(B53,Sort!B:C,2,FALSE) -> WATER PUMP | D53: {=INDEX(HM_Unit!D:D,MATCH('Summary KPI'!B53,HM_Unit!A:A,0))} -> 18917 | E53: {=INDEX(HM_Unit!CD:CD,MATCH('Summary KPI'!B53,HM_Unit!A:A,0))} -> 19102 | F53: =E53-D53 -> 185 | G53: =SUM(R53:S53) -> 0 | H53: =Q53 -> 0 | I53: =+Z53 -> 0 | J53: =L53-F53-I53-G53-H53 -> 535 | K53: =$J$5*24 -> 720 | L53: =$H$5*24 -> 720 | M53: =SUMIFS('Data Down'!U:U,'Data Down'!D:D,'Summary KPI'!B53,'Data Down'!Q:Q,'Summary KPI'!$M$8,'Data Down'!$C:$C,"<="&'Summary KPI'!$G$5,'Data Down'!$C:$C,">="&'Summary KPI'!$E$5) -> 0 | N53: =SUMIFS('Data Down'!U:U,'Data Down'!D:D,'Summary KPI'!B53,'Data Down'!Q:Q,'Summary KPI'!$N$8,'Data Down'!$C:$C,"<="&'Summary KPI'!$G$5,'Data Down'!$C:$C,">="&'Summary KPI'!$E$5) -> 0 | O53: =SUMIFS('Data Down'!U:U,'Data Down'!D:D,'Summary KPI'!B53,'Data Down'!Q:Q,'Summary KPI'!$O$8,'Data Down'!$C:$C,"<="&'Summary KPI'!$G$5,'Data Down'!$C:$C,">="&'Summary KPI'!$E$5) -> 0 | P53: =SUMIFS('Data Down'!U:U,'Data Down'!D:D,'Summary KPI'!B53,'Data Down'!Q:Q,'Summary KPI'!$P$8,'Data Down'!$C:$C,"<="&'Summary KPI'!$G$5,'Data Down'!$C:$C,">="&'Summary KPI'!$E$5) -> 0 | Q53: =SUMIFS('Data Down'!N:N,'Data Down'!$D:$D,'Summary KPI'!$B53,'Data Down'!$Q:$Q,'Summary KPI'!$Q$8,'Data Down'!$C:$C,"<="&'Summary KPI'!$G$5,'Data Down'!$C:$C,">="&'Summary KPI'!$E$5) -> 0 | R53: =SUMIFS('Data Down'!N:N,'Data Down'!D:D,'Summary KPI'!B53,'Data Down'!Q:Q,'Summary KPI'!$R$8,'Data Down'!$C:$C,"<="&'Summary KPI'!$G$5,'Data Down'!$C:$C,">="&'Summary KPI'!$E$5) -> 0 | S53: =SUMIFS('Data Down'!N:N,'Data Down'!D:D,'Summary KPI'!B53,'Data Down'!Q:Q,'Summary KPI'!$S$8,'Data Down'!$C:$C,"<="&'Summary KPI'!$G$5,'Data Down'!$C:$C,">="&'Summary KPI'!$E$5) -> 0 | T53: =SUMIFS('Data Down'!N:N,'Data Down'!D:D,'Summary KPI'!B53,'Data Down'!Q:Q,'Summary KPI'!$T$8,'Data Down'!$C:$C,"<="&'Summary KPI'!$G$5,'Data Down'!$C:$C,">="&'Summary KPI'!$E$5) -> 0 | U53: =+SUMIFS('Data Down'!$N:$N,'Data Down'!$D:$D,'Summary KPI'!B53,'Data Down'!$R:$R,'Summary KPI'!$U$7,'Data Down'!$C:$C,"<="&'Summary KPI'!$G$5,'Data Down'!$C:$C,">="&'Summary KPI'!$E$5) -> 0 | V53: =+SUMIFS('Data Down'!$N:$N,'Data Down'!$D:$D,'Summary KPI'!B53,'Data Down'!$R:$R,'Summary KPI'!$V$7,'Data Down'!$C:$C,"<="&'Summary KPI'!$G$5,'Data Down'!$C:$C,">="&'Summary KPI'!$E$5) -> 0 | W53: =+SUMIFS('Data Down'!$N:$N,'Data Down'!$D:$D,'Summary KPI'!B53,'Data Down'!$R:$R,'Summary KPI'!$W$7,'Data Down'!$C:$C,"<="&'Summary KPI'!$G$5,'Data Down'!$C:$C,">="&'Summary KPI'!$E$5) -> 0 | X53: =+SUMIFS('Data Down'!$N:$N,'Data Down'!$D:$D,'Summary KPI'!B53,'Data Down'!$R:$R,'Summary KPI'!$X$7,'Data Down'!$C:$C,"<="&'Summary KPI'!$G$5,'Data Down'!$C:$C,">="&'Summary KPI'!$E$5) -> 0 | Y53: =+SUMIFS('Data Down'!$N:$N,'Data Down'!$D:$D,'Summary KPI'!B53,'Data Down'!$R:$R,'Summary KPI'!$Y$7,'Data Down'!$C:$C,"<="&'Summary KPI'!$G$5,'Data Down'!$C:$C,">="&'Summary KPI'!$E$5) -> 0 | Z53: =+SUMIFS('Data Down'!$N:$N,'Data Down'!$D:$D,'Summary KPI'!B53,'Data Down'!$R:$R,'Summary KPI'!$Z$7,'Data Down'!$C:$C,"<="&'Summary KPI'!$G$5,'Data Down'!$C:$C,">="&'Summary KPI'!$E$5) -> 0 | AA53: =+SUMIFS('Data Down'!$N:$N,'Data Down'!$D:$D,'Summary KPI'!B53,'Data Down'!$R:$R,'Summary KPI'!$AA$7,'Data Down'!$C:$C,"<="&'Summary KPI'!$G$5,'Data Down'!$C:$C,">="&'Summary KPI'!$E$5) -> 0 | AB53: =+SUMIFS('Data Down'!$N:$N,'Data Down'!$D:$D,'Summary KPI'!B53,'Data Down'!$R:$R,'Summary KPI'!$AB$7,'Data Down'!$C:$C,"<="&'Summary KPI'!$G$5,'Data Down'!$C:$C,">="&'Summary KPI'!$E$5) -> 0 | AC53: =+SUMIFS('Data Down'!$N:$N,'Data Down'!$D:$D,'Summary KPI'!B53,'Data Down'!$R:$R,'Summary KPI'!$AC$7,'Data Down'!$C:$C,"<="&'Summary KPI'!$G$5,'Data Down'!$C:$C,">="&'Summary KPI'!$E$5) -> 0 | AD53: =(L53-AQ53)/L53 -> 1 | AE53: =+IF(F53=0,0,F53/(F53+G53+J53)) -> 0.25694444 | AF53: =+IFERROR(F53/(F53+G53),0) -> 1 | AG53: =+F53/(F53+AQ53+J53) -> 0.25694444 | AH53: =IF(SUM(N53:O53)=0,F53,F53/SUM(N53:O53)) -> 185 | AI53: =+IF(O53=0,F53,F53/O53) -> 185 | AJ53: =IFERROR(AQ53/SUM(N53:O53),0) -> 0 | AK53: =IF(M53=0,0,M53/SUM(M53:O53)) -> 0 | AL53: =IF(N53+O53+P53=0,0,(N53+P53)/(N53+O53+P53)) -> 0 | AM53: =IF(O53+N53+P53=0,0,O53/(N53+O53+P53)) -> 0 | AN53: =IF(R53+S53=0,0,R53/(R53+S53)) -> 0 | AO53: =IF(R53+S53=0,0,S53/(R53+S53)) -> 0 | AQ53: =+SUM(Q53:S53) -> 0 | AR53: =+SUM(N53:O53) -> 0 | AT53: SUPPORT x 13 Unit | AV53: 0.85 | AW53: 80 | AX53: 6
A54: =+A53+1 -> 45 | B54: WP 14 | C54: =VLOOKUP(B54,Sort!B:C,2,FALSE) -> WATER PUMP | D54: {=INDEX(HM_Unit!D:D,MATCH('Summary KPI'!B54,HM_Unit!A:A,0))} -> 13136 | E54: {=INDEX(HM_Unit!CD:CD,MATCH('Summary KPI'!B54,HM_Unit!A:A,0))} -> 13175 | F54: =E54-D54 -> 39 | G54: =SUM(R54:S54) -> 576.00092 | H54: =Q54 -> 0 | I54: =+Z54 -> 0 | J54: =L54-F54-I54-G54-H54 -> 104.99908 | K54: =$J$5*24 -> 720 | L54: =$H$5*24 -> 720 | M54: =SUMIFS('Data Down'!U:U,'Data Down'!D:D,'Summary KPI'!B54,'Data Down'!Q:Q,'Summary KPI'!$M$8,'Data Down'!$C:$C,"<="&'Summary KPI'!$G$5,'Data Down'!$C:$C,">="&'Summary KPI'!$E$5) -> 0 | N54: =SUMIFS('Data Down'!U:U,'Data Down'!D:D,'Summary KPI'!B54,'Data Down'!Q:Q,'Summary KPI'!$N$8,'Data Down'!$C:$C,"<="&'Summary KPI'!$G$5,'Data Down'!$C:$C,">="&'Summary KPI'!$E$5) -> 0 | O54: =SUMIFS('Data Down'!U:U,'Data Down'!D:D,'Summary KPI'!B54,'Data Down'!Q:Q,'Summary KPI'!$O$8,'Data Down'!$C:$C,"<="&'Summary KPI'!$G$5,'Data Down'!$C:$C,">="&'Summary KPI'!$E$5) -> 1 | P54: =SUMIFS('Data Down'!U:U,'Data Down'!D:D,'Summary KPI'!B54,'Data Down'!Q:Q,'Summary KPI'!$P$8,'Data Down'!$C:$C,"<="&'Summary KPI'!$G$5,'Data Down'!$C:$C,">="&'Summary KPI'!$E$5) -> 0 | Q54: =SUMIFS('Data Down'!N:N,'Data Down'!$D:$D,'Summary KPI'!$B54,'Data Down'!$Q:$Q,'Summary KPI'!$Q$8,'Data Down'!$C:$C,"<="&'Summary KPI'!$G$5,'Data Down'!$C:$C,">="&'Summary KPI'!$E$5) -> 0 | R54: =SUMIFS('Data Down'!N:N,'Data Down'!D:D,'Summary KPI'!B54,'Data Down'!Q:Q,'Summary KPI'!$R$8,'Data Down'!$C:$C,"<="&'Summary KPI'!$G$5,'Data Down'!$C:$C,">="&'Summary KPI'!$E$5) -> 0 | S54: =SUMIFS('Data Down'!N:N,'Data Down'!D:D,'Summary KPI'!B54,'Data Down'!Q:Q,'Summary KPI'!$S$8,'Data Down'!$C:$C,"<="&'Summary KPI'!$G$5,'Data Down'!$C:$C,">="&'Summary KPI'!$E$5) -> 576.00092 | T54: =SUMIFS('Data Down'!N:N,'Data Down'!D:D,'Summary KPI'!B54,'Data Down'!Q:Q,'Summary KPI'!$T$8,'Data Down'!$C:$C,"<="&'Summary KPI'!$G$5,'Data Down'!$C:$C,">="&'Summary KPI'!$E$5) -> 0 | U54: =+SUMIFS('Data Down'!$N:$N,'Data Down'!$D:$D,'Summary KPI'!B54,'Data Down'!$R:$R,'Summary KPI'!$U$7,'Data Down'!$C:$C,"<="&'Summary KPI'!$G$5,'Data Down'!$C:$C,">="&'Summary KPI'!$E$5) -> 576.00092 | V54: =+SUMIFS('Data Down'!$N:$N,'Data Down'!$D:$D,'Summary KPI'!B54,'Data Down'!$R:$R,'Summary KPI'!$V$7,'Data Down'!$C:$C,"<="&'Summary KPI'!$G$5,'Data Down'!$C:$C,">="&'Summary KPI'!$E$5) -> 0 | W54: =+SUMIFS('Data Down'!$N:$N,'Data Down'!$D:$D,'Summary KPI'!B54,'Data Down'!$R:$R,'Summary KPI'!$W$7,'Data Down'!$C:$C,"<="&'Summary KPI'!$G$5,'Data Down'!$C:$C,">="&'Summary KPI'!$E$5) -> 0 | X54: =+SUMIFS('Data Down'!$N:$N,'Data Down'!$D:$D,'Summary KPI'!B54,'Data Down'!$R:$R,'Summary KPI'!$X$7,'Data Down'!$C:$C,"<="&'Summary KPI'!$G$5,'Data Down'!$C:$C,">="&'Summary KPI'!$E$5) -> 0 | Y54: =+SUMIFS('Data Down'!$N:$N,'Data Down'!$D:$D,'Summary KPI'!B54,'Data Down'!$R:$R,'Summary KPI'!$Y$7,'Data Down'!$C:$C,"<="&'Summary KPI'!$G$5,'Data Down'!$C:$C,">="&'Summary KPI'!$E$5) -> 0 | Z54: =+SUMIFS('Data Down'!$N:$N,'Data Down'!$D:$D,'Summary KPI'!B54,'Data Down'!$R:$R,'Summary KPI'!$Z$7,'Data Down'!$C:$C,"<="&'Summary KPI'!$G$5,'Data Down'!$C:$C,">="&'Summary KPI'!$E$5) -> 0 | AA54: =+SUMIFS('Data Down'!$N:$N,'Data Down'!$D:$D,'Summary KPI'!B54,'Data Down'!$R:$R,'Summary KPI'!$AA$7,'Data Down'!$C:$C,"<="&'Summary KPI'!$G$5,'Data Down'!$C:$C,">="&'Summary KPI'!$E$5) -> 0 | AB54: =+SUMIFS('Data Down'!$N:$N,'Data Down'!$D:$D,'Summary KPI'!B54,'Data Down'!$R:$R,'Summary KPI'!$AB$7,'Data Down'!$C:$C,"<="&'Summary KPI'!$G$5,'Data Down'!$C:$C,">="&'Summary KPI'!$E$5) -> 0 | AC54: =+SUMIFS('Data Down'!$N:$N,'Data Down'!$D:$D,'Summary KPI'!B54,'Data Down'!$R:$R,'Summary KPI'!$AC$7,'Data Down'!$C:$C,"<="&'Summary KPI'!$G$5,'Data Down'!$C:$C,">="&'Summary KPI'!$E$5) -> 0 | AD54: =(L54-AQ54)/L54 -> 0.19999872 | AE54: =+IF(F54=0,0,F54/(F54+G54+J54)) -> 0.054166667 | AF54: =+IFERROR(F54/(F54+G54),0) -> 0.063414539 | AG54: =+F54/(F54+AQ54+J54) -> 0.054166667 | AH54: =IF(SUM(N54:O54)=0,F54,F54/SUM(N54:O54)) -> 39 | AI54: =+IF(O54=0,F54,F54/O54) -> 39 | AJ54: =IFERROR(AQ54/SUM(N54:O54),0) -> 576.00092 | AK54: =IF(M54=0,0,M54/SUM(M54:O54)) -> 0 | AL54: =IF(N54+O54+P54=0,0,(N54+P54)/(N54+O54+P54)) -> 0 | AM54: =IF(O54+N54+P54=0,0,O54/(N54+O54+P54)) -> 1 | AN54: =IF(R54+S54=0,0,R54/(R54+S54)) -> 0 | AO54: =IF(R54+S54=0,0,S54/(R54+S54)) -> 1 | AQ54: =+SUM(Q54:S54) -> 576.00092 | AR54: =+SUM(N54:O54) -> 1 | AT54: SUPPORT x 13 Unit | AV54: 0.85 | AW54: 80 | AX54: 6
A55: =+A54+1 -> 46 | B55: WP 15 | C55: =VLOOKUP(B55,Sort!B:C,2,FALSE) -> WATER PUMP | D55: {=INDEX(HM_Unit!D:D,MATCH('Summary KPI'!B55,HM_Unit!A:A,0))} -> 12625 | E55: {=INDEX(HM_Unit!CD:CD,MATCH('Summary KPI'!B55,HM_Unit!A:A,0))} -> 12671 | F55: =E55-D55 -> 46 | G55: =SUM(R55:S55) -> 0 | H55: =Q55 -> 0 | I55: =+Z55 -> 0 | J55: =L55-F55-I55-G55-H55 -> 674 | K55: =$J$5*24 -> 720 | L55: =$H$5*24 -> 720 | M55: =SUMIFS('Data Down'!U:U,'Data Down'!D:D,'Summary KPI'!B55,'Data Down'!Q:Q,'Summary KPI'!$M$8,'Data Down'!$C:$C,"<="&'Summary KPI'!$G$5,'Data Down'!$C:$C,">="&'Summary KPI'!$E$5) -> 0 | N55: =SUMIFS('Data Down'!U:U,'Data Down'!D:D,'Summary KPI'!B55,'Data Down'!Q:Q,'Summary KPI'!$N$8,'Data Down'!$C:$C,"<="&'Summary KPI'!$G$5,'Data Down'!$C:$C,">="&'Summary KPI'!$E$5) -> 0 | O55: =SUMIFS('Data Down'!U:U,'Data Down'!D:D,'Summary KPI'!B55,'Data Down'!Q:Q,'Summary KPI'!$O$8,'Data Down'!$C:$C,"<="&'Summary KPI'!$G$5,'Data Down'!$C:$C,">="&'Summary KPI'!$E$5) -> 0 | P55: =SUMIFS('Data Down'!U:U,'Data Down'!D:D,'Summary KPI'!B55,'Data Down'!Q:Q,'Summary KPI'!$P$8,'Data Down'!$C:$C,"<="&'Summary KPI'!$G$5,'Data Down'!$C:$C,">="&'Summary KPI'!$E$5) -> 0 | Q55: =SUMIFS('Data Down'!N:N,'Data Down'!$D:$D,'Summary KPI'!$B55,'Data Down'!$Q:$Q,'Summary KPI'!$Q$8,'Data Down'!$C:$C,"<="&'Summary KPI'!$G$5,'Data Down'!$C:$C,">="&'Summary KPI'!$E$5) -> 0 | R55: =SUMIFS('Data Down'!N:N,'Data Down'!D:D,'Summary KPI'!B55,'Data Down'!Q:Q,'Summary KPI'!$R$8,'Data Down'!$C:$C,"<="&'Summary KPI'!$G$5,'Data Down'!$C:$C,">="&'Summary KPI'!$E$5) -> 0 | S55: =SUMIFS('Data Down'!N:N,'Data Down'!D:D,'Summary KPI'!B55,'Data Down'!Q:Q,'Summary KPI'!$S$8,'Data Down'!$C:$C,"<="&'Summary KPI'!$G$5,'Data Down'!$C:$C,">="&'Summary KPI'!$E$5) -> 0 | T55: =SUMIFS('Data Down'!N:N,'Data Down'!D:D,'Summary KPI'!B55,'Data Down'!Q:Q,'Summary KPI'!$T$8,'Data Down'!$C:$C,"<="&'Summary KPI'!$G$5,'Data Down'!$C:$C,">="&'Summary KPI'!$E$5) -> 0 | U55: =+SUMIFS('Data Down'!$N:$N,'Data Down'!$D:$D,'Summary KPI'!B55,'Data Down'!$R:$R,'Summary KPI'!$U$7,'Data Down'!$C:$C,"<="&'Summary KPI'!$G$5,'Data Down'!$C:$C,">="&'Summary KPI'!$E$5) -> 0 | V55: =+SUMIFS('Data Down'!$N:$N,'Data Down'!$D:$D,'Summary KPI'!B55,'Data Down'!$R:$R,'Summary KPI'!$V$7,'Data Down'!$C:$C,"<="&'Summary KPI'!$G$5,'Data Down'!$C:$C,">="&'Summary KPI'!$E$5) -> 0 | W55: =+SUMIFS('Data Down'!$N:$N,'Data Down'!$D:$D,'Summary KPI'!B55,'Data Down'!$R:$R,'Summary KPI'!$W$7,'Data Down'!$C:$C,"<="&'Summary KPI'!$G$5,'Data Down'!$C:$C,">="&'Summary KPI'!$E$5) -> 0 | X55: =+SUMIFS('Data Down'!$N:$N,'Data Down'!$D:$D,'Summary KPI'!B55,'Data Down'!$R:$R,'Summary KPI'!$X$7,'Data Down'!$C:$C,"<="&'Summary KPI'!$G$5,'Data Down'!$C:$C,">="&'Summary KPI'!$E$5) -> 0 | Y55: =+SUMIFS('Data Down'!$N:$N,'Data Down'!$D:$D,'Summary KPI'!B55,'Data Down'!$R:$R,'Summary KPI'!$Y$7,'Data Down'!$C:$C,"<="&'Summary KPI'!$G$5,'Data Down'!$C:$C,">="&'Summary KPI'!$E$5) -> 0 | Z55: =+SUMIFS('Data Down'!$N:$N,'Data Down'!$D:$D,'Summary KPI'!B55,'Data Down'!$R:$R,'Summary KPI'!$Z$7,'Data Down'!$C:$C,"<="&'Summary KPI'!$G$5,'Data Down'!$C:$C,">="&'Summary KPI'!$E$5) -> 0 | AA55: =+SUMIFS('Data Down'!$N:$N,'Data Down'!$D:$D,'Summary KPI'!B55,'Data Down'!$R:$R,'Summary KPI'!$AA$7,'Data Down'!$C:$C,"<="&'Summary KPI'!$G$5,'Data Down'!$C:$C,">="&'Summary KPI'!$E$5) -> 0 | AB55: =+SUMIFS('Data Down'!$N:$N,'Data Down'!$D:$D,'Summary KPI'!B55,'Data Down'!$R:$R,'Summary KPI'!$AB$7,'Data Down'!$C:$C,"<="&'Summary KPI'!$G$5,'Data Down'!$C:$C,">="&'Summary KPI'!$E$5) -> 0 | AC55: =+SUMIFS('Data Down'!$N:$N,'Data Down'!$D:$D,'Summary KPI'!B55,'Data Down'!$R:$R,'Summary KPI'!$AC$7,'Data Down'!$C:$C,"<="&'Summary KPI'!$G$5,'Data Down'!$C:$C,">="&'Summary KPI'!$E$5) -> 0 | AD55: =(L55-AQ55)/L55 -> 1 | AE55: =+IF(F55=0,0,F55/(F55+G55+J55)) -> 0.063888889 | AF55: =+IFERROR(F55/(F55+G55),0) -> 1 | AG55: =+F55/(F55+AQ55+J55) -> 0.063888889 | AH55: =IF(SUM(N55:O55)=0,F55,F55/SUM(N55:O55)) -> 46 | AI55: =+IF(O55=0,F55,F55/O55) -> 46 | AJ55: =IFERROR(AQ55/SUM(N55:O55),0) -> 0 | AK55: =IF(M55=0,0,M55/SUM(M55:O55)) -> 0 | AL55: =IF(N55+O55+P55=0,0,(N55+P55)/(N55+O55+P55)) -> 0 | AM55: =IF(O55+N55+P55=0,0,O55/(N55+O55+P55)) -> 0 | AN55: =IF(R55+S55=0,0,R55/(R55+S55)) -> 0 | AO55: =IF(R55+S55=0,0,S55/(R55+S55)) -> 0 | AQ55: =+SUM(Q55:S55) -> 0 | AR55: =+SUM(N55:O55) -> 0 | AT55: SUPPORT x 13 Unit | AV55: 0.85 | AW55: 80 | AX55: 6
A56: =+A55+1 -> 47 | B56: WP 16 | C56: =VLOOKUP(B56,Sort!B:C,2,FALSE) -> WATER PUMP | D56: {=INDEX(HM_Unit!D:D,MATCH('Summary KPI'!B56,HM_Unit!A:A,0))} -> 8392 | E56: {=INDEX(HM_Unit!CD:CD,MATCH('Summary KPI'!B56,HM_Unit!A:A,0))} -> 8453 | F56: =E56-D56 -> 61 | G56: =SUM(R56:S56) -> 0 | H56: =Q56 -> 0 | I56: =+Z56 -> 0 | J56: =L56-F56-I56-G56-H56 -> 659 | K56: =$J$5*24 -> 720 | L56: =$H$5*24 -> 720 | M56: =SUMIFS('Data Down'!U:U,'Data Down'!D:D,'Summary KPI'!B56,'Data Down'!Q:Q,'Summary KPI'!$M$8,'Data Down'!$C:$C,"<="&'Summary KPI'!$G$5,'Data Down'!$C:$C,">="&'Summary KPI'!$E$5) -> 0 | N56: =SUMIFS('Data Down'!U:U,'Data Down'!D:D,'Summary KPI'!B56,'Data Down'!Q:Q,'Summary KPI'!$N$8,'Data Down'!$C:$C,"<="&'Summary KPI'!$G$5,'Data Down'!$C:$C,">="&'Summary KPI'!$E$5) -> 0 | O56: =SUMIFS('Data Down'!U:U,'Data Down'!D:D,'Summary KPI'!B56,'Data Down'!Q:Q,'Summary KPI'!$O$8,'Data Down'!$C:$C,"<="&'Summary KPI'!$G$5,'Data Down'!$C:$C,">="&'Summary KPI'!$E$5) -> 0 | P56: =SUMIFS('Data Down'!U:U,'Data Down'!D:D,'Summary KPI'!B56,'Data Down'!Q:Q,'Summary KPI'!$P$8,'Data Down'!$C:$C,"<="&'Summary KPI'!$G$5,'Data Down'!$C:$C,">="&'Summary KPI'!$E$5) -> 0 | Q56: =SUMIFS('Data Down'!N:N,'Data Down'!$D:$D,'Summary KPI'!$B56,'Data Down'!$Q:$Q,'Summary KPI'!$Q$8,'Data Down'!$C:$C,"<="&'Summary KPI'!$G$5,'Data Down'!$C:$C,">="&'Summary KPI'!$E$5) -> 0 | R56: =SUMIFS('Data Down'!N:N,'Data Down'!D:D,'Summary KPI'!B56,'Data Down'!Q:Q,'Summary KPI'!$R$8,'Data Down'!$C:$C,"<="&'Summary KPI'!$G$5,'Data Down'!$C:$C,">="&'Summary KPI'!$E$5) -> 0 | S56: =SUMIFS('Data Down'!N:N,'Data Down'!D:D,'Summary KPI'!B56,'Data Down'!Q:Q,'Summary KPI'!$S$8,'Data Down'!$C:$C,"<="&'Summary KPI'!$G$5,'Data Down'!$C:$C,">="&'Summary KPI'!$E$5) -> 0 | T56: =SUMIFS('Data Down'!N:N,'Data Down'!D:D,'Summary KPI'!B56,'Data Down'!Q:Q,'Summary KPI'!$T$8,'Data Down'!$C:$C,"<="&'Summary KPI'!$G$5,'Data Down'!$C:$C,">="&'Summary KPI'!$E$5) -> 0 | U56: =+SUMIFS('Data Down'!$N:$N,'Data Down'!$D:$D,'Summary KPI'!B56,'Data Down'!$R:$R,'Summary KPI'!$U$7,'Data Down'!$C:$C,"<="&'Summary KPI'!$G$5,'Data Down'!$C:$C,">="&'Summary KPI'!$E$5) -> 0 | V56: =+SUMIFS('Data Down'!$N:$N,'Data Down'!$D:$D,'Summary KPI'!B56,'Data Down'!$R:$R,'Summary KPI'!$V$7,'Data Down'!$C:$C,"<="&'Summary KPI'!$G$5,'Data Down'!$C:$C,">="&'Summary KPI'!$E$5) -> 0 | W56: =+SUMIFS('Data Down'!$N:$N,'Data Down'!$D:$D,'Summary KPI'!B56,'Data Down'!$R:$R,'Summary KPI'!$W$7,'Data Down'!$C:$C,"<="&'Summary KPI'!$G$5,'Data Down'!$C:$C,">="&'Summary KPI'!$E$5) -> 0 | X56: =+SUMIFS('Data Down'!$N:$N,'Data Down'!$D:$D,'Summary KPI'!B56,'Data Down'!$R:$R,'Summary KPI'!$X$7,'Data Down'!$C:$C,"<="&'Summary KPI'!$G$5,'Data Down'!$C:$C,">="&'Summary KPI'!$E$5) -> 0 | Y56: =+SUMIFS('Data Down'!$N:$N,'Data Down'!$D:$D,'Summary KPI'!B56,'Data Down'!$R:$R,'Summary KPI'!$Y$7,'Data Down'!$C:$C,"<="&'Summary KPI'!$G$5,'Data Down'!$C:$C,">="&'Summary KPI'!$E$5) -> 0 | Z56: =+SUMIFS('Data Down'!$N:$N,'Data Down'!$D:$D,'Summary KPI'!B56,'Data Down'!$R:$R,'Summary KPI'!$Z$7,'Data Down'!$C:$C,"<="&'Summary KPI'!$G$5,'Data Down'!$C:$C,">="&'Summary KPI'!$E$5) -> 0 | AA56: =+SUMIFS('Data Down'!$N:$N,'Data Down'!$D:$D,'Summary KPI'!B56,'Data Down'!$R:$R,'Summary KPI'!$AA$7,'Data Down'!$C:$C,"<="&'Summary KPI'!$G$5,'Data Down'!$C:$C,">="&'Summary KPI'!$E$5) -> 0 | AB56: =+SUMIFS('Data Down'!$N:$N,'Data Down'!$D:$D,'Summary KPI'!B56,'Data Down'!$R:$R,'Summary KPI'!$AB$7,'Data Down'!$C:$C,"<="&'Summary KPI'!$G$5,'Data Down'!$C:$C,">="&'Summary KPI'!$E$5) -> 0 | AC56: =+SUMIFS('Data Down'!$N:$N,'Data Down'!$D:$D,'Summary KPI'!B56,'Data Down'!$R:$R,'Summary KPI'!$AC$7,'Data Down'!$C:$C,"<="&'Summary KPI'!$G$5,'Data Down'!$C:$C,">="&'Summary KPI'!$E$5) -> 0 | AD56: =(L56-AQ56)/L56 -> 1 | AE56: =+IF(F56=0,0,F56/(F56+G56+J56)) -> 0.084722222 | AF56: =+IFERROR(F56/(F56+G56),0) -> 1 | AG56: =+F56/(F56+AQ56+J56) -> 0.084722222 | AH56: =IF(SUM(N56:O56)=0,F56,F56/SUM(N56:O56)) -> 61 | AI56: =+IF(O56=0,F56,F56/O56) -> 61 | AJ56: =IFERROR(AQ56/SUM(N56:O56),0) -> 0 | AK56: =IF(M56=0,0,M56/SUM(M56:O56)) -> 0 | AL56: =IF(N56+O56+P56=0,0,(N56+P56)/(N56+O56+P56)) -> 0 | AM56: =IF(O56+N56+P56=0,0,O56/(N56+O56+P56)) -> 0 | AN56: =IF(R56+S56=0,0,R56/(R56+S56)) -> 0 | AO56: =IF(R56+S56=0,0,S56/(R56+S56)) -> 0 | AQ56: =+SUM(Q56:S56) -> 0 | AR56: =+SUM(N56:O56) -> 0 | AT56: SUPPORT x 13 Unit | AV56: 0.85 | AW56: 80 | AX56: 6
A57: =+A56+1 -> 48 | B57: WP 17 | C57: =VLOOKUP(B57,Sort!B:C,2,FALSE) -> WATER PUMP | D57: {=INDEX(HM_Unit!D:D,MATCH('Summary KPI'!B57,HM_Unit!A:A,0))} -> 5528 | E57: {=INDEX(HM_Unit!CD:CD,MATCH('Summary KPI'!B57,HM_Unit!A:A,0))} -> 5743 | F57: =E57-D57 -> 215 | G57: =SUM(R57:S57) -> 0 | H57: =Q57 -> 0 | I57: =+Z57 -> 0 | J57: =L57-F57-I57-G57-H57 -> 505 | K57: =$J$5*24 -> 720 | L57: =$H$5*24 -> 720 | M57: =SUMIFS('Data Down'!U:U,'Data Down'!D:D,'Summary KPI'!B57,'Data Down'!Q:Q,'Summary KPI'!$M$8,'Data Down'!$C:$C,"<="&'Summary KPI'!$G$5,'Data Down'!$C:$C,">="&'Summary KPI'!$E$5) -> 0 | N57: =SUMIFS('Data Down'!U:U,'Data Down'!D:D,'Summary KPI'!B57,'Data Down'!Q:Q,'Summary KPI'!$N$8,'Data Down'!$C:$C,"<="&'Summary KPI'!$G$5,'Data Down'!$C:$C,">="&'Summary KPI'!$E$5) -> 0 | O57: =SUMIFS('Data Down'!U:U,'Data Down'!D:D,'Summary KPI'!B57,'Data Down'!Q:Q,'Summary KPI'!$O$8,'Data Down'!$C:$C,"<="&'Summary KPI'!$G$5,'Data Down'!$C:$C,">="&'Summary KPI'!$E$5) -> 0 | P57: =SUMIFS('Data Down'!U:U,'Data Down'!D:D,'Summary KPI'!B57,'Data Down'!Q:Q,'Summary KPI'!$P$8,'Data Down'!$C:$C,"<="&'Summary KPI'!$G$5,'Data Down'!$C:$C,">="&'Summary KPI'!$E$5) -> 0 | Q57: =SUMIFS('Data Down'!N:N,'Data Down'!$D:$D,'Summary KPI'!$B57,'Data Down'!$Q:$Q,'Summary KPI'!$Q$8,'Data Down'!$C:$C,"<="&'Summary KPI'!$G$5,'Data Down'!$C:$C,">="&'Summary KPI'!$E$5) -> 0 | R57: =SUMIFS('Data Down'!N:N,'Data Down'!D:D,'Summary KPI'!B57,'Data Down'!Q:Q,'Summary KPI'!$R$8,'Data Down'!$C:$C,"<="&'Summary KPI'!$G$5,'Data Down'!$C:$C,">="&'Summary KPI'!$E$5) -> 0 | S57: =SUMIFS('Data Down'!N:N,'Data Down'!D:D,'Summary KPI'!B57,'Data Down'!Q:Q,'Summary KPI'!$S$8,'Data Down'!$C:$C,"<="&'Summary KPI'!$G$5,'Data Down'!$C:$C,">="&'Summary KPI'!$E$5) -> 0 | T57: =SUMIFS('Data Down'!N:N,'Data Down'!D:D,'Summary KPI'!B57,'Data Down'!Q:Q,'Summary KPI'!$T$8,'Data Down'!$C:$C,"<="&'Summary KPI'!$G$5,'Data Down'!$C:$C,">="&'Summary KPI'!$E$5) -> 0 | U57: =+SUMIFS('Data Down'!$N:$N,'Data Down'!$D:$D,'Summary KPI'!B57,'Data Down'!$R:$R,'Summary KPI'!$U$7,'Data Down'!$C:$C,"<="&'Summary KPI'!$G$5,'Data Down'!$C:$C,">="&'Summary KPI'!$E$5) -> 0 | V57: =+SUMIFS('Data Down'!$N:$N,'Data Down'!$D:$D,'Summary KPI'!B57,'Data Down'!$R:$R,'Summary KPI'!$V$7,'Data Down'!$C:$C,"<="&'Summary KPI'!$G$5,'Data Down'!$C:$C,">="&'Summary KPI'!$E$5) -> 0 | W57: =+SUMIFS('Data Down'!$N:$N,'Data Down'!$D:$D,'Summary KPI'!B57,'Data Down'!$R:$R,'Summary KPI'!$W$7,'Data Down'!$C:$C,"<="&'Summary KPI'!$G$5,'Data Down'!$C:$C,">="&'Summary KPI'!$E$5) -> 0 | X57: =+SUMIFS('Data Down'!$N:$N,'Data Down'!$D:$D,'Summary KPI'!B57,'Data Down'!$R:$R,'Summary KPI'!$X$7,'Data Down'!$C:$C,"<="&'Summary KPI'!$G$5,'Data Down'!$C:$C,">="&'Summary KPI'!$E$5) -> 0 | Y57: =+SUMIFS('Data Down'!$N:$N,'Data Down'!$D:$D,'Summary KPI'!B57,'Data Down'!$R:$R,'Summary KPI'!$Y$7,'Data Down'!$C:$C,"<="&'Summary KPI'!$G$5,'Data Down'!$C:$C,">="&'Summary KPI'!$E$5) -> 0 | Z57: =+SUMIFS('Data Down'!$N:$N,'Data Down'!$D:$D,'Summary KPI'!B57,'Data Down'!$R:$R,'Summary KPI'!$Z$7,'Data Down'!$C:$C,"<="&'Summary KPI'!$G$5,'Data Down'!$C:$C,">="&'Summary KPI'!$E$5) -> 0 | AA57: =+SUMIFS('Data Down'!$N:$N,'Data Down'!$D:$D,'Summary KPI'!B57,'Data Down'!$R:$R,'Summary KPI'!$AA$7,'Data Down'!$C:$C,"<="&'Summary KPI'!$G$5,'Data Down'!$C:$C,">="&'Summary KPI'!$E$5) -> 0 | AB57: =+SUMIFS('Data Down'!$N:$N,'Data Down'!$D:$D,'Summary KPI'!B57,'Data Down'!$R:$R,'Summary KPI'!$AB$7,'Data Down'!$C:$C,"<="&'Summary KPI'!$G$5,'Data Down'!$C:$C,">="&'Summary KPI'!$E$5) -> 0 | AC57: =+SUMIFS('Data Down'!$N:$N,'Data Down'!$D:$D,'Summary KPI'!B57,'Data Down'!$R:$R,'Summary KPI'!$AC$7,'Data Down'!$C:$C,"<="&'Summary KPI'!$G$5,'Data Down'!$C:$C,">="&'Summary KPI'!$E$5) -> 0 | AD57: =(L57-AQ57)/L57 -> 1 | AE57: =+IF(F57=0,0,F57/(F57+G57+J57)) -> 0.29861111 | AF57: =+IFERROR(F57/(F57+G57),0) -> 1 | AG57: =+F57/(F57+AQ57+J57) -> 0.29861111 | AH57: =IF(SUM(N57:O57)=0,F57,F57/SUM(N57:O57)) -> 215 | AI57: =+IF(O57=0,F57,F57/O57) -> 215 | AJ57: =IFERROR(AQ57/SUM(N57:O57),0) -> 0 | AK57: =IF(M57=0,0,M57/SUM(M57:O57)) -> 0 | AL57: =IF(N57+O57+P57=0,0,(N57+P57)/(N57+O57+P57)) -> 0 | AM57: =IF(O57+N57+P57=0,0,O57/(N57+O57+P57)) -> 0 | AN57: =IF(R57+S57=0,0,R57/(R57+S57)) -> 0 | AO57: =IF(R57+S57=0,0,S57/(R57+S57)) -> 0 | AQ57: =+SUM(Q57:S57) -> 0 | AR57: =+SUM(N57:O57) -> 0 | AT57: SUPPORT x 13 Unit | AV57: 0.85 | AW57: 80 | AX57: 6
A58: =+A57+1 -> 49 | B58: WP 18 | C58: =VLOOKUP(B58,Sort!B:C,2,FALSE) -> WATER PUMP | D58: {=INDEX(HM_Unit!D:D,MATCH('Summary KPI'!B58,HM_Unit!A:A,0))} -> 3324 | E58: {=INDEX(HM_Unit!CD:CD,MATCH('Summary KPI'!B58,HM_Unit!A:A,0))} -> 3519 | F58: =E58-D58 -> 195 | G58: =SUM(R58:S58) -> 0 | H58: =Q58 -> 0 | I58: =+Z58 -> 0 | J58: =L58-F58-I58-G58-H58 -> 525 | K58: =$J$5*24 -> 720 | L58: =$H$5*24 -> 720 | M58: =SUMIFS('Data Down'!U:U,'Data Down'!D:D,'Summary KPI'!B58,'Data Down'!Q:Q,'Summary KPI'!$M$8,'Data Down'!$C:$C,"<="&'Summary KPI'!$G$5,'Data Down'!$C:$C,">="&'Summary KPI'!$E$5) -> 0 | N58: =SUMIFS('Data Down'!U:U,'Data Down'!D:D,'Summary KPI'!B58,'Data Down'!Q:Q,'Summary KPI'!$N$8,'Data Down'!$C:$C,"<="&'Summary KPI'!$G$5,'Data Down'!$C:$C,">="&'Summary KPI'!$E$5) -> 0 | O58: =SUMIFS('Data Down'!U:U,'Data Down'!D:D,'Summary KPI'!B58,'Data Down'!Q:Q,'Summary KPI'!$O$8,'Data Down'!$C:$C,"<="&'Summary KPI'!$G$5,'Data Down'!$C:$C,">="&'Summary KPI'!$E$5) -> 0 | P58: =SUMIFS('Data Down'!U:U,'Data Down'!D:D,'Summary KPI'!B58,'Data Down'!Q:Q,'Summary KPI'!$P$8,'Data Down'!$C:$C,"<="&'Summary KPI'!$G$5,'Data Down'!$C:$C,">="&'Summary KPI'!$E$5) -> 0 | Q58: =SUMIFS('Data Down'!N:N,'Data Down'!$D:$D,'Summary KPI'!$B58,'Data Down'!$Q:$Q,'Summary KPI'!$Q$8,'Data Down'!$C:$C,"<="&'Summary KPI'!$G$5,'Data Down'!$C:$C,">="&'Summary KPI'!$E$5) -> 0 | R58: =SUMIFS('Data Down'!N:N,'Data Down'!D:D,'Summary KPI'!B58,'Data Down'!Q:Q,'Summary KPI'!$R$8,'Data Down'!$C:$C,"<="&'Summary KPI'!$G$5,'Data Down'!$C:$C,">="&'Summary KPI'!$E$5) -> 0 | S58: =SUMIFS('Data Down'!N:N,'Data Down'!D:D,'Summary KPI'!B58,'Data Down'!Q:Q,'Summary KPI'!$S$8,'Data Down'!$C:$C,"<="&'Summary KPI'!$G$5,'Data Down'!$C:$C,">="&'Summary KPI'!$E$5) -> 0 | T58: =SUMIFS('Data Down'!N:N,'Data Down'!D:D,'Summary KPI'!B58,'Data Down'!Q:Q,'Summary KPI'!$T$8,'Data Down'!$C:$C,"<="&'Summary KPI'!$G$5,'Data Down'!$C:$C,">="&'Summary KPI'!$E$5) -> 0 | U58: =+SUMIFS('Data Down'!$N:$N,'Data Down'!$D:$D,'Summary KPI'!B58,'Data Down'!$R:$R,'Summary KPI'!$U$7,'Data Down'!$C:$C,"<="&'Summary KPI'!$G$5,'Data Down'!$C:$C,">="&'Summary KPI'!$E$5) -> 0 | V58: =+SUMIFS('Data Down'!$N:$N,'Data Down'!$D:$D,'Summary KPI'!B58,'Data Down'!$R:$R,'Summary KPI'!$V$7,'Data Down'!$C:$C,"<="&'Summary KPI'!$G$5,'Data Down'!$C:$C,">="&'Summary KPI'!$E$5) -> 0 | W58: =+SUMIFS('Data Down'!$N:$N,'Data Down'!$D:$D,'Summary KPI'!B58,'Data Down'!$R:$R,'Summary KPI'!$W$7,'Data Down'!$C:$C,"<="&'Summary KPI'!$G$5,'Data Down'!$C:$C,">="&'Summary KPI'!$E$5) -> 0 | X58: =+SUMIFS('Data Down'!$N:$N,'Data Down'!$D:$D,'Summary KPI'!B58,'Data Down'!$R:$R,'Summary KPI'!$X$7,'Data Down'!$C:$C,"<="&'Summary KPI'!$G$5,'Data Down'!$C:$C,">="&'Summary KPI'!$E$5) -> 0 | Y58: =+SUMIFS('Data Down'!$N:$N,'Data Down'!$D:$D,'Summary KPI'!B58,'Data Down'!$R:$R,'Summary KPI'!$Y$7,'Data Down'!$C:$C,"<="&'Summary KPI'!$G$5,'Data Down'!$C:$C,">="&'Summary KPI'!$E$5) -> 0 | Z58: =+SUMIFS('Data Down'!$N:$N,'Data Down'!$D:$D,'Summary KPI'!B58,'Data Down'!$R:$R,'Summary KPI'!$Z$7,'Data Down'!$C:$C,"<="&'Summary KPI'!$G$5,'Data Down'!$C:$C,">="&'Summary KPI'!$E$5) -> 0 | AA58: =+SUMIFS('Data Down'!$N:$N,'Data Down'!$D:$D,'Summary KPI'!B58,'Data Down'!$R:$R,'Summary KPI'!$AA$7,'Data Down'!$C:$C,"<="&'Summary KPI'!$G$5,'Data Down'!$C:$C,">="&'Summary KPI'!$E$5) -> 0 | AB58: =+SUMIFS('Data Down'!$N:$N,'Data Down'!$D:$D,'Summary KPI'!B58,'Data Down'!$R:$R,'Summary KPI'!$AB$7,'Data Down'!$C:$C,"<="&'Summary KPI'!$G$5,'Data Down'!$C:$C,">="&'Summary KPI'!$E$5) -> 0 | AC58: =+SUMIFS('Data Down'!$N:$N,'Data Down'!$D:$D,'Summary KPI'!B58,'Data Down'!$R:$R,'Summary KPI'!$AC$7,'Data Down'!$C:$C,"<="&'Summary KPI'!$G$5,'Data Down'!$C:$C,">="&'Summary KPI'!$E$5) -> 0 | AD58: =(L58-AQ58)/L58 -> 1 | AE58: =+IF(F58=0,0,F58/(F58+G58+J58)) -> 0.27083333 | AF58: =+IFERROR(F58/(F58+G58),0) -> 1 | AG58: =+F58/(F58+AQ58+J58) -> 0.27083333 | AH58: =IF(SUM(N58:O58)=0,F58,F58/SUM(N58:O58)) -> 195 | AI58: =+IF(O58=0,F58,F58/O58) -> 195 | AJ58: =IFERROR(AQ58/SUM(N58:O58),0) -> 0 | AK58: =IF(M58=0,0,M58/SUM(M58:O58)) -> 0 | AL58: =IF(N58+O58+P58=0,0,(N58+P58)/(N58+O58+P58)) -> 0 | AM58: =IF(O58+N58+P58=0,0,O58/(N58+O58+P58)) -> 0 | AN58: =IF(R58+S58=0,0,R58/(R58+S58)) -> 0 | AO58: =IF(R58+S58=0,0,S58/(R58+S58)) -> 0 | AQ58: =+SUM(Q58:S58) -> 0 | AR58: =+SUM(N58:O58) -> 0 | AT58: SUPPORT x 13 Unit | AV58: 0.85 | AW58: 80 | AX58: 6
A59: =+A58+1 -> 50 | B59: WP 19 | C59: =VLOOKUP(B59,Sort!B:C,2,FALSE) -> MULTIFLO 420 | D59: {=INDEX(HM_Unit!D:D,MATCH('Summary KPI'!B59,HM_Unit!A:A,0))} -> 25267 | E59: {=INDEX(HM_Unit!CD:CD,MATCH('Summary KPI'!B59,HM_Unit!A:A,0))} -> 25415 | F59: =E59-D59 -> 148 | G59: =SUM(R59:S59) -> 0 | H59: =Q59 -> 0 | I59: =+Z59 -> 0 | J59: =L59-F59-I59-G59-H59 -> 572 | K59: =$J$5*24 -> 720 | L59: =$H$5*24 -> 720 | M59: =SUMIFS('Data Down'!U:U,'Data Down'!D:D,'Summary KPI'!B59,'Data Down'!Q:Q,'Summary KPI'!$M$8,'Data Down'!$C:$C,"<="&'Summary KPI'!$G$5,'Data Down'!$C:$C,">="&'Summary KPI'!$E$5) -> 0 | N59: =SUMIFS('Data Down'!U:U,'Data Down'!D:D,'Summary KPI'!B59,'Data Down'!Q:Q,'Summary KPI'!$N$8,'Data Down'!$C:$C,"<="&'Summary KPI'!$G$5,'Data Down'!$C:$C,">="&'Summary KPI'!$E$5) -> 0 | O59: =SUMIFS('Data Down'!U:U,'Data Down'!D:D,'Summary KPI'!B59,'Data Down'!Q:Q,'Summary KPI'!$O$8,'Data Down'!$C:$C,"<="&'Summary KPI'!$G$5,'Data Down'!$C:$C,">="&'Summary KPI'!$E$5) -> 0 | P59: =SUMIFS('Data Down'!U:U,'Data Down'!D:D,'Summary KPI'!B59,'Data Down'!Q:Q,'Summary KPI'!$P$8,'Data Down'!$C:$C,"<="&'Summary KPI'!$G$5,'Data Down'!$C:$C,">="&'Summary KPI'!$E$5) -> 0 | Q59: =SUMIFS('Data Down'!N:N,'Data Down'!$D:$D,'Summary KPI'!$B59,'Data Down'!$Q:$Q,'Summary KPI'!$Q$8,'Data Down'!$C:$C,"<="&'Summary KPI'!$G$5,'Data Down'!$C:$C,">="&'Summary KPI'!$E$5) -> 0 | R59: =SUMIFS('Data Down'!N:N,'Data Down'!D:D,'Summary KPI'!B59,'Data Down'!Q:Q,'Summary KPI'!$R$8,'Data Down'!$C:$C,"<="&'Summary KPI'!$G$5,'Data Down'!$C:$C,">="&'Summary KPI'!$E$5) -> 0 | S59: =SUMIFS('Data Down'!N:N,'Data Down'!D:D,'Summary KPI'!B59,'Data Down'!Q:Q,'Summary KPI'!$S$8,'Data Down'!$C:$C,"<="&'Summary KPI'!$G$5,'Data Down'!$C:$C,">="&'Summary KPI'!$E$5) -> 0 | T59: =SUMIFS('Data Down'!N:N,'Data Down'!D:D,'Summary KPI'!B59,'Data Down'!Q:Q,'Summary KPI'!$T$8,'Data Down'!$C:$C,"<="&'Summary KPI'!$G$5,'Data Down'!$C:$C,">="&'Summary KPI'!$E$5) -> 0 | U59: =+SUMIFS('Data Down'!$N:$N,'Data Down'!$D:$D,'Summary KPI'!B59,'Data Down'!$R:$R,'Summary KPI'!$U$7,'Data Down'!$C:$C,"<="&'Summary KPI'!$G$5,'Data Down'!$C:$C,">="&'Summary KPI'!$E$5) -> 0 | V59: =+SUMIFS('Data Down'!$N:$N,'Data Down'!$D:$D,'Summary KPI'!B59,'Data Down'!$R:$R,'Summary KPI'!$V$7,'Data Down'!$C:$C,"<="&'Summary KPI'!$G$5,'Data Down'!$C:$C,">="&'Summary KPI'!$E$5) -> 0 | W59: =+SUMIFS('Data Down'!$N:$N,'Data Down'!$D:$D,'Summary KPI'!B59,'Data Down'!$R:$R,'Summary KPI'!$W$7,'Data Down'!$C:$C,"<="&'Summary KPI'!$G$5,'Data Down'!$C:$C,">="&'Summary KPI'!$E$5) -> 0 | X59: =+SUMIFS('Data Down'!$N:$N,'Data Down'!$D:$D,'Summary KPI'!B59,'Data Down'!$R:$R,'Summary KPI'!$X$7,'Data Down'!$C:$C,"<="&'Summary KPI'!$G$5,'Data Down'!$C:$C,">="&'Summary KPI'!$E$5) -> 0 | Y59: =+SUMIFS('Data Down'!$N:$N,'Data Down'!$D:$D,'Summary KPI'!B59,'Data Down'!$R:$R,'Summary KPI'!$Y$7,'Data Down'!$C:$C,"<="&'Summary KPI'!$G$5,'Data Down'!$C:$C,">="&'Summary KPI'!$E$5) -> 0 | Z59: =+SUMIFS('Data Down'!$N:$N,'Data Down'!$D:$D,'Summary KPI'!B59,'Data Down'!$R:$R,'Summary KPI'!$Z$7,'Data Down'!$C:$C,"<="&'Summary KPI'!$G$5,'Data Down'!$C:$C,">="&'Summary KPI'!$E$5) -> 0 | AA59: =+SUMIFS('Data Down'!$N:$N,'Data Down'!$D:$D,'Summary KPI'!B59,'Data Down'!$R:$R,'Summary KPI'!$AA$7,'Data Down'!$C:$C,"<="&'Summary KPI'!$G$5,'Data Down'!$C:$C,">="&'Summary KPI'!$E$5) -> 0 | AB59: =+SUMIFS('Data Down'!$N:$N,'Data Down'!$D:$D,'Summary KPI'!B59,'Data Down'!$R:$R,'Summary KPI'!$AB$7,'Data Down'!$C:$C,"<="&'Summary KPI'!$G$5,'Data Down'!$C:$C,">="&'Summary KPI'!$E$5) -> 0 | AC59: =+SUMIFS('Data Down'!$N:$N,'Data Down'!$D:$D,'Summary KPI'!B59,'Data Down'!$R:$R,'Summary KPI'!$AC$7,'Data Down'!$C:$C,"<="&'Summary KPI'!$G$5,'Data Down'!$C:$C,">="&'Summary KPI'!$E$5) -> 0 | AD59: =(L59-AQ59)/L59 -> 1 | AE59: =+IF(F59=0,0,F59/(F59+G59+J59)) -> 0.20555556 | AF59: =+IFERROR(F59/(F59+G59),0) -> 1 | AG59: =+F59/(F59+AQ59+J59) -> 0.20555556 | AH59: =IF(SUM(N59:O59)=0,F59,F59/SUM(N59:O59)) -> 148 | AI59: =+IF(O59=0,F59,F59/O59) -> 148 | AJ59: =IFERROR(AQ59/SUM(N59:O59),0) -> 0 | AK59: =IF(M59=0,0,M59/SUM(M59:O59)) -> 0 | AL59: =IF(N59+O59+P59=0,0,(N59+P59)/(N59+O59+P59)) -> 0 | AM59: =IF(O59+N59+P59=0,0,O59/(N59+O59+P59)) -> 0 | AN59: =IF(R59+S59=0,0,R59/(R59+S59)) -> 0 | AO59: =IF(R59+S59=0,0,S59/(R59+S59)) -> 0 | AQ59: =+SUM(Q59:S59) -> 0 | AR59: =+SUM(N59:O59) -> 0 | AT59: SUPPORT x 13 Unit | AV59: 0.85 | AW59: 80 | AX59: 6
A60: =+A59+1 -> 51 | B60: TL 001 | C60: =VLOOKUP(B60,Sort!B:C,2,FALSE) -> TOWER LAMP | D60: {=INDEX(HM_Unit!D:D,MATCH('Summary KPI'!B60,HM_Unit!A:A,0))} -> 925 | E60: {=INDEX(HM_Unit!CD:CD,MATCH('Summary KPI'!B60,HM_Unit!A:A,0))} -> 1220 | F60: =E60-D60 -> 295 | G60: =SUM(R60:S60) -> 0 | H60: =Q60 -> 0 | I60: =+Z60 -> 0 | J60: =L60-F60-I60-G60-H60 -> 425 | K60: =$J$5*24 -> 720 | L60: =$H$5*24 -> 720 | M60: =SUMIFS('Data Down'!U:U,'Data Down'!D:D,'Summary KPI'!B60,'Data Down'!Q:Q,'Summary KPI'!$M$8,'Data Down'!$C:$C,"<="&'Summary KPI'!$G$5,'Data Down'!$C:$C,">="&'Summary KPI'!$E$5) -> 0 | N60: =SUMIFS('Data Down'!U:U,'Data Down'!D:D,'Summary KPI'!B60,'Data Down'!Q:Q,'Summary KPI'!$N$8,'Data Down'!$C:$C,"<="&'Summary KPI'!$G$5,'Data Down'!$C:$C,">="&'Summary KPI'!$E$5) -> 0 | O60: =SUMIFS('Data Down'!U:U,'Data Down'!D:D,'Summary KPI'!B60,'Data Down'!Q:Q,'Summary KPI'!$O$8,'Data Down'!$C:$C,"<="&'Summary KPI'!$G$5,'Data Down'!$C:$C,">="&'Summary KPI'!$E$5) -> 0 | P60: =SUMIFS('Data Down'!U:U,'Data Down'!D:D,'Summary KPI'!B60,'Data Down'!Q:Q,'Summary KPI'!$P$8,'Data Down'!$C:$C,"<="&'Summary KPI'!$G$5,'Data Down'!$C:$C,">="&'Summary KPI'!$E$5) -> 0 | Q60: =SUMIFS('Data Down'!N:N,'Data Down'!$D:$D,'Summary KPI'!$B60,'Data Down'!$Q:$Q,'Summary KPI'!$Q$8,'Data Down'!$C:$C,"<="&'Summary KPI'!$G$5,'Data Down'!$C:$C,">="&'Summary KPI'!$E$5) -> 0 | R60: =SUMIFS('Data Down'!N:N,'Data Down'!D:D,'Summary KPI'!B60,'Data Down'!Q:Q,'Summary KPI'!$R$8,'Data Down'!$C:$C,"<="&'Summary KPI'!$G$5,'Data Down'!$C:$C,">="&'Summary KPI'!$E$5) -> 0 | S60: =SUMIFS('Data Down'!N:N,'Data Down'!D:D,'Summary KPI'!B60,'Data Down'!Q:Q,'Summary KPI'!$S$8,'Data Down'!$C:$C,"<="&'Summary KPI'!$G$5,'Data Down'!$C:$C,">="&'Summary KPI'!$E$5) -> 0 | T60: =SUMIFS('Data Down'!N:N,'Data Down'!D:D,'Summary KPI'!B60,'Data Down'!Q:Q,'Summary KPI'!$T$8,'Data Down'!$C:$C,"<="&'Summary KPI'!$G$5,'Data Down'!$C:$C,">="&'Summary KPI'!$E$5) -> 0 | U60: =+SUMIFS('Data Down'!$N:$N,'Data Down'!$D:$D,'Summary KPI'!B60,'Data Down'!$R:$R,'Summary KPI'!$U$7,'Data Down'!$C:$C,"<="&'Summary KPI'!$G$5,'Data Down'!$C:$C,">="&'Summary KPI'!$E$5) -> 0 | V60: =+SUMIFS('Data Down'!$N:$N,'Data Down'!$D:$D,'Summary KPI'!B60,'Data Down'!$R:$R,'Summary KPI'!$V$7,'Data Down'!$C:$C,"<="&'Summary KPI'!$G$5,'Data Down'!$C:$C,">="&'Summary KPI'!$E$5) -> 0 | W60: =+SUMIFS('Data Down'!$N:$N,'Data Down'!$D:$D,'Summary KPI'!B60,'Data Down'!$R:$R,'Summary KPI'!$W$7,'Data Down'!$C:$C,"<="&'Summary KPI'!$G$5,'Data Down'!$C:$C,">="&'Summary KPI'!$E$5) -> 0 | X60: =+SUMIFS('Data Down'!$N:$N,'Data Down'!$D:$D,'Summary KPI'!B60,'Data Down'!$R:$R,'Summary KPI'!$X$7,'Data Down'!$C:$C,"<="&'Summary KPI'!$G$5,'Data Down'!$C:$C,">="&'Summary KPI'!$E$5) -> 0 | Y60: =+SUMIFS('Data Down'!$N:$N,'Data Down'!$D:$D,'Summary KPI'!B60,'Data Down'!$R:$R,'Summary KPI'!$Y$7,'Data Down'!$C:$C,"<="&'Summary KPI'!$G$5,'Data Down'!$C:$C,">="&'Summary KPI'!$E$5) -> 0 | Z60: =+SUMIFS('Data Down'!$N:$N,'Data Down'!$D:$D,'Summary KPI'!B60,'Data Down'!$R:$R,'Summary KPI'!$Z$7,'Data Down'!$C:$C,"<="&'Summary KPI'!$G$5,'Data Down'!$C:$C,">="&'Summary KPI'!$E$5) -> 0 | AA60: =+SUMIFS('Data Down'!$N:$N,'Data Down'!$D:$D,'Summary KPI'!B60,'Data Down'!$R:$R,'Summary KPI'!$AA$7,'Data Down'!$C:$C,"<="&'Summary KPI'!$G$5,'Data Down'!$C:$C,">="&'Summary KPI'!$E$5) -> 0 | AB60: =+SUMIFS('Data Down'!$N:$N,'Data Down'!$D:$D,'Summary KPI'!B60,'Data Down'!$R:$R,'Summary KPI'!$AB$7,'Data Down'!$C:$C,"<="&'Summary KPI'!$G$5,'Data Down'!$C:$C,">="&'Summary KPI'!$E$5) -> 0 | AC60: =+SUMIFS('Data Down'!$N:$N,'Data Down'!$D:$D,'Summary KPI'!B60,'Data Down'!$R:$R,'Summary KPI'!$AC$7,'Data Down'!$C:$C,"<="&'Summary KPI'!$G$5,'Data Down'!$C:$C,">="&'Summary KPI'!$E$5) -> 0 | AD60: =(L60-AQ60)/L60 -> 1 | AE60: =+IF(F60=0,0,F60/(F60+G60+J60)) -> 0.40972222 | AF60: =+IFERROR(F60/(F60+G60),0) -> 1 | AG60: =+F60/(F60+AQ60+J60) -> 0.40972222 | AH60: =IF(SUM(N60:O60)=0,F60,F60/SUM(N60:O60)) -> 295 | AI60: =+IF(O60=0,F60,F60/O60) -> 295 | AJ60: =IFERROR(AQ60/SUM(N60:O60),0) -> 0 | AK60: =IF(M60=0,0,M60/SUM(M60:O60)) -> 0 | AL60: =IF(N60+O60+P60=0,0,(N60+P60)/(N60+O60+P60)) -> 0 | AM60: =IF(O60+N60+P60=0,0,O60/(N60+O60+P60)) -> 0 | AN60: =IF(R60+S60=0,0,R60/(R60+S60)) -> 0 | AO60: =IF(R60+S60=0,0,S60/(R60+S60)) -> 0 | AQ60: =+SUM(Q60:S60) -> 0 | AR60: =+SUM(N60:O60) -> 0 | AT60: SUPPORT x 33 Unit | AV60: 0.85 | AW60: 80 | AX60: 6
A61: =+A60+1 -> 52 | B61: TL 002 | C61: =VLOOKUP(B61,Sort!B:C,2,FALSE) -> TOWER LAMP | D61: {=INDEX(HM_Unit!D:D,MATCH('Summary KPI'!B61,HM_Unit!A:A,0))} -> 9643 | E61: {=INDEX(HM_Unit!CD:CD,MATCH('Summary KPI'!B61,HM_Unit!A:A,0))} -> 9643 | F61: =E61-D61 -> 0 | G61: =SUM(R61:S61) -> 0 | H61: =Q61 -> 0 | I61: =+Z61 -> 0 | J61: =L61-F61-I61-G61-H61 -> 720 | K61: =$J$5*24 -> 720 | L61: =$H$5*24 -> 720 | M61: =SUMIFS('Data Down'!U:U,'Data Down'!D:D,'Summary KPI'!B61,'Data Down'!Q:Q,'Summary KPI'!$M$8,'Data Down'!$C:$C,"<="&'Summary KPI'!$G$5,'Data Down'!$C:$C,">="&'Summary KPI'!$E$5) -> 0 | N61: =SUMIFS('Data Down'!U:U,'Data Down'!D:D,'Summary KPI'!B61,'Data Down'!Q:Q,'Summary KPI'!$N$8,'Data Down'!$C:$C,"<="&'Summary KPI'!$G$5,'Data Down'!$C:$C,">="&'Summary KPI'!$E$5) -> 0 | O61: =SUMIFS('Data Down'!U:U,'Data Down'!D:D,'Summary KPI'!B61,'Data Down'!Q:Q,'Summary KPI'!$O$8,'Data Down'!$C:$C,"<="&'Summary KPI'!$G$5,'Data Down'!$C:$C,">="&'Summary KPI'!$E$5) -> 0 | P61: =SUMIFS('Data Down'!U:U,'Data Down'!D:D,'Summary KPI'!B61,'Data Down'!Q:Q,'Summary KPI'!$P$8,'Data Down'!$C:$C,"<="&'Summary KPI'!$G$5,'Data Down'!$C:$C,">="&'Summary KPI'!$E$5) -> 0 | Q61: =SUMIFS('Data Down'!N:N,'Data Down'!$D:$D,'Summary KPI'!$B61,'Data Down'!$Q:$Q,'Summary KPI'!$Q$8,'Data Down'!$C:$C,"<="&'Summary KPI'!$G$5,'Data Down'!$C:$C,">="&'Summary KPI'!$E$5) -> 0 | R61: =SUMIFS('Data Down'!N:N,'Data Down'!D:D,'Summary KPI'!B61,'Data Down'!Q:Q,'Summary KPI'!$R$8,'Data Down'!$C:$C,"<="&'Summary KPI'!$G$5,'Data Down'!$C:$C,">="&'Summary KPI'!$E$5) -> 0 | S61: =SUMIFS('Data Down'!N:N,'Data Down'!D:D,'Summary KPI'!B61,'Data Down'!Q:Q,'Summary KPI'!$S$8,'Data Down'!$C:$C,"<="&'Summary KPI'!$G$5,'Data Down'!$C:$C,">="&'Summary KPI'!$E$5) -> 0 | T61: =SUMIFS('Data Down'!N:N,'Data Down'!D:D,'Summary KPI'!B61,'Data Down'!Q:Q,'Summary KPI'!$T$8,'Data Down'!$C:$C,"<="&'Summary KPI'!$G$5,'Data Down'!$C:$C,">="&'Summary KPI'!$E$5) -> 0 | U61: =+SUMIFS('Data Down'!$N:$N,'Data Down'!$D:$D,'Summary KPI'!B61,'Data Down'!$R:$R,'Summary KPI'!$U$7,'Data Down'!$C:$C,"<="&'Summary KPI'!$G$5,'Data Down'!$C:$C,">="&'Summary KPI'!$E$5) -> 0 | V61: =+SUMIFS('Data Down'!$N:$N,'Data Down'!$D:$D,'Summary KPI'!B61,'Data Down'!$R:$R,'Summary KPI'!$V$7,'Data Down'!$C:$C,"<="&'Summary KPI'!$G$5,'Data Down'!$C:$C,">="&'Summary KPI'!$E$5) -> 0 | W61: =+SUMIFS('Data Down'!$N:$N,'Data Down'!$D:$D,'Summary KPI'!B61,'Data Down'!$R:$R,'Summary KPI'!$W$7,'Data Down'!$C:$C,"<="&'Summary KPI'!$G$5,'Data Down'!$C:$C,">="&'Summary KPI'!$E$5) -> 0 | X61: =+SUMIFS('Data Down'!$N:$N,'Data Down'!$D:$D,'Summary KPI'!B61,'Data Down'!$R:$R,'Summary KPI'!$X$7,'Data Down'!$C:$C,"<="&'Summary KPI'!$G$5,'Data Down'!$C:$C,">="&'Summary KPI'!$E$5) -> 0 | Y61: =+SUMIFS('Data Down'!$N:$N,'Data Down'!$D:$D,'Summary KPI'!B61,'Data Down'!$R:$R,'Summary KPI'!$Y$7,'Data Down'!$C:$C,"<="&'Summary KPI'!$G$5,'Data Down'!$C:$C,">="&'Summary KPI'!$E$5) -> 0 | Z61: =+SUMIFS('Data Down'!$N:$N,'Data Down'!$D:$D,'Summary KPI'!B61,'Data Down'!$R:$R,'Summary KPI'!$Z$7,'Data Down'!$C:$C,"<="&'Summary KPI'!$G$5,'Data Down'!$C:$C,">="&'Summary KPI'!$E$5) -> 0 | AA61: =+SUMIFS('Data Down'!$N:$N,'Data Down'!$D:$D,'Summary KPI'!B61,'Data Down'!$R:$R,'Summary KPI'!$AA$7,'Data Down'!$C:$C,"<="&'Summary KPI'!$G$5,'Data Down'!$C:$C,">="&'Summary KPI'!$E$5) -> 0 | AB61: =+SUMIFS('Data Down'!$N:$N,'Data Down'!$D:$D,'Summary KPI'!B61,'Data Down'!$R:$R,'Summary KPI'!$AB$7,'Data Down'!$C:$C,"<="&'Summary KPI'!$G$5,'Data Down'!$C:$C,">="&'Summary KPI'!$E$5) -> 0 | AC61: =+SUMIFS('Data Down'!$N:$N,'Data Down'!$D:$D,'Summary KPI'!B61,'Data Down'!$R:$R,'Summary KPI'!$AC$7,'Data Down'!$C:$C,"<="&'Summary KPI'!$G$5,'Data Down'!$C:$C,">="&'Summary KPI'!$E$5) -> 0 | AD61: =(L61-AQ61)/L61 -> 1 | AE61: =+IF(F61=0,0,F61/(F61+G61+J61)) -> 0 | AF61: =+IFERROR(F61/(F61+G61),0) -> 0 | AG61: =+F61/(F61+AQ61+J61) -> 0 | AH61: =IF(SUM(N61:O61)=0,F61,F61/SUM(N61:O61)) -> 0 | AI61: =+IF(O61=0,F61,F61/O61) -> 0 | AJ61: =IFERROR(AQ61/SUM(N61:O61),0) -> 0 | AK61: =IF(M61=0,0,M61/SUM(M61:O61)) -> 0 | AL61: =IF(N61+O61+P61=0,0,(N61+P61)/(N61+O61+P61)) -> 0 | AM61: =IF(O61+N61+P61=0,0,O61/(N61+O61+P61)) -> 0 | AN61: =IF(R61+S61=0,0,R61/(R61+S61)) -> 0 | AO61: =IF(R61+S61=0,0,S61/(R61+S61)) -> 0 | AQ61: =+SUM(Q61:S61) -> 0 | AR61: =+SUM(N61:O61) -> 0 | AT61: SUPPORT x 33 Unit | AV61: 0.85 | AW61: 80 | AX61: 6
... A65: =+A64+1 -> 56 | B65: TL 006 | C65: =VLOOKUP(B65,Sort!B:C,2,FALSE) -> TOWER LAMP | D65: {=INDEX(HM_Unit!D:D,MATCH('Summary KPI'!B65,HM_Unit!A:A,0))} -> 18697 | E65: {=INDEX(HM_Unit!CD:CD,MATCH('Summary KPI'!B65,HM_Unit!A:A,0))} -> 19030 | F65: =E65-D65 -> 333 | G65: =SUM(R65:S65) -> 0 | H65: =Q65 -> 0 | I65: =+Z65 -> 0 | J65: =L65-F65-I65-G65-H65 -> 387 | K65: =$J$5*24 -> 720 | L65: =$H$5*24 -> 720 | M65: =SUMIFS('Data Down'!U:U,'Data Down'!D:D,'Summary KPI'!B65,'Data Down'!Q:Q,'Summary KPI'!$M$8,'Data Down'!$C:$C,"<="&'Summary KPI'!$G$5,'Data Down'!$C:$C,">="&'Summary KPI'!$E$5) -> 0 | N65: =SUMIFS('Data Down'!U:U,'Data Down'!D:D,'Summary KPI'!B65,'Data Down'!Q:Q,'Summary KPI'!$N$8,'Data Down'!$C:$C,"<="&'Summary KPI'!$G$5,'Data Down'!$C:$C,">="&'Summary KPI'!$E$5) -> 0 | O65: =SUMIFS('Data Down'!U:U,'Data Down'!D:D,'Summary KPI'!B65,'Data Down'!Q:Q,'Summary KPI'!$O$8,'Data Down'!$C:$C,"<="&'Summary KPI'!$G$5,'Data Down'!$C:$C,">="&'Summary KPI'!$E$5) -> 0 | P65: =SUMIFS('Data Down'!U:U,'Data Down'!D:D,'Summary KPI'!B65,'Data Down'!Q:Q,'Summary KPI'!$P$8,'Data Down'!$C:$C,"<="&'Summary KPI'!$G$5,'Data Down'!$C:$C,">="&'Summary KPI'!$E$5) -> 0 | Q65: =SUMIFS('Data Down'!N:N,'Data Down'!$D:$D,'Summary KPI'!$B65,'Data Down'!$Q:$Q,'Summary KPI'!$Q$8,'Data Down'!$C:$C,"<="&'Summary KPI'!$G$5,'Data Down'!$C:$C,">="&'Summary KPI'!$E$5) -> 0 | R65: =SUMIFS('Data Down'!N:N,'Data Down'!D:D,'Summary KPI'!B65,'Data Down'!Q:Q,'Summary KPI'!$R$8,'Data Down'!$C:$C,"<="&'Summary KPI'!$G$5,'Data Down'!$C:$C,">="&'Summary KPI'!$E$5) -> 0 | S65: =SUMIFS('Data Down'!N:N,'Data Down'!D:D,'Summary KPI'!B65,'Data Down'!Q:Q,'Summary KPI'!$S$8,'Data Down'!$C:$C,"<="&'Summary KPI'!$G$5,'Data Down'!$C:$C,">="&'Summary KPI'!$E$5) -> 0 | T65: =SUMIFS('Data Down'!N:N,'Data Down'!D:D,'Summary KPI'!B65,'Data Down'!Q:Q,'Summary KPI'!$T$8,'Data Down'!$C:$C,"<="&'Summary KPI'!$G$5,'Data Down'!$C:$C,">="&'Summary KPI'!$E$5) -> 0 | U65: =+SUMIFS('Data Down'!$N:$N,'Data Down'!$D:$D,'Summary KPI'!B65,'Data Down'!$R:$R,'Summary KPI'!$U$7,'Data Down'!$C:$C,"<="&'Summary KPI'!$G$5,'Data Down'!$C:$C,">="&'Summary KPI'!$E$5) -> 0 | V65: =+SUMIFS('Data Down'!$N:$N,'Data Down'!$D:$D,'Summary KPI'!B65,'Data Down'!$R:$R,'Summary KPI'!$V$7,'Data Down'!$C:$C,"<="&'Summary KPI'!$G$5,'Data Down'!$C:$C,">="&'Summary KPI'!$E$5) -> 0 | W65: =+SUMIFS('Data Down'!$N:$N,'Data Down'!$D:$D,'Summary KPI'!B65,'Data Down'!$R:$R,'Summary KPI'!$W$7,'Data Down'!$C:$C,"<="&'Summary KPI'!$G$5,'Data Down'!$C:$C,">="&'Summary KPI'!$E$5) -> 0 | X65: =+SUMIFS('Data Down'!$N:$N,'Data Down'!$D:$D,'Summary KPI'!B65,'Data Down'!$R:$R,'Summary KPI'!$X$7,'Data Down'!$C:$C,"<="&'Summary KPI'!$G$5,'Data Down'!$C:$C,">="&'Summary KPI'!$E$5) -> 0 | Y65: =+SUMIFS('Data Down'!$N:$N,'Data Down'!$D:$D,'Summary KPI'!B65,'Data Down'!$R:$R,'Summary KPI'!$Y$7,'Data Down'!$C:$C,"<="&'Summary KPI'!$G$5,'Data Down'!$C:$C,">="&'Summary KPI'!$E$5) -> 0 | Z65: =+SUMIFS('Data Down'!$N:$N,'Data Down'!$D:$D,'Summary KPI'!B65,'Data Down'!$R:$R,'Summary KPI'!$Z$7,'Data Down'!$C:$C,"<="&'Summary KPI'!$G$5,'Data Down'!$C:$C,">="&'Summary KPI'!$E$5) -> 0 | AA65: =+SUMIFS('Data Down'!$N:$N,'Data Down'!$D:$D,'Summary KPI'!B65,'Data Down'!$R:$R,'Summary KPI'!$AA$7,'Data Down'!$C:$C,"<="&'Summary KPI'!$G$5,'Data Down'!$C:$C,">="&'Summary KPI'!$E$5) -> 0 | AB65: =+SUMIFS('Data Down'!$N:$N,'Data Down'!$D:$D,'Summary KPI'!B65,'Data Down'!$R:$R,'Summary KPI'!$AB$7,'Data Down'!$C:$C,"<="&'Summary KPI'!$G$5,'Data Down'!$C:$C,">="&'Summary KPI'!$E$5) -> 0 | AC65: =+SUMIFS('Data Down'!$N:$N,'Data Down'!$D:$D,'Summary KPI'!B65,'Data Down'!$R:$R,'Summary KPI'!$AC$7,'Data Down'!$C:$C,"<="&'Summary KPI'!$G$5,'Data Down'!$C:$C,">="&'Summary KPI'!$E$5) -> 0 | AD65: =(L65-AQ65)/L65 -> 1 | AE65: =+IF(F65=0,0,F65/(F65+G65+J65)) -> 0.4625 | AF65: =+IFERROR(F65/(F65+G65),0) -> 1 | AG65: =+F65/(F65+AQ65+J65) -> 0.4625 | AH65: =IF(SUM(N65:O65)=0,F65,F65/SUM(N65:O65)) -> 333 | AI65: =+IF(O65=0,F65,F65/O65) -> 333 | AJ65: =IFERROR(AQ65/SUM(N65:O65),0) -> 0 | AK65: =IF(M65=0,0,M65/SUM(M65:O65)) -> 0 | AL65: =IF(N65+O65+P65=0,0,(N65+P65)/(N65+O65+P65)) -> 0 | AM65: =IF(O65+N65+P65=0,0,O65/(N65+O65+P65)) -> 0 | AN65: =IF(R65+S65=0,0,R65/(R65+S65)) -> 0 | AO65: =IF(R65+S65=0,0,S65/(R65+S65)) -> 0 | AQ65: =+SUM(Q65:S65) -> 0 | AR65: =+SUM(N65:O65) -> 0 | AT65: SUPPORT x 33 Unit | AV65: 0.85 | AW65: 80 | AX65: 6
A66: =A65+1 -> 57 | B66: TL 021 | C66: =VLOOKUP(B66,Sort!B:C,2,FALSE) -> TOWER LAMP | D66: {=INDEX(HM_Unit!D:D,MATCH('Summary KPI'!B66,HM_Unit!A:A,0))} -> 885 | E66: {=INDEX(HM_Unit!CD:CD,MATCH('Summary KPI'!B66,HM_Unit!A:A,0))} -> 885 | F66: =E66-D66 -> 0 | G66: =SUM(R66:S66) -> 0 | H66: =Q66 -> 0 | I66: =+Z66 -> 0 | J66: =L66-F66-I66-G66-H66 -> 720 | K66: =$J$5*24 -> 720 | L66: =$H$5*24 -> 720 | M66: =SUMIFS('Data Down'!U:U,'Data Down'!D:D,'Summary KPI'!B66,'Data Down'!Q:Q,'Summary KPI'!$M$8,'Data Down'!$C:$C,"<="&'Summary KPI'!$G$5,'Data Down'!$C:$C,">="&'Summary KPI'!$E$5) -> 0 | N66: =SUMIFS('Data Down'!U:U,'Data Down'!D:D,'Summary KPI'!B66,'Data Down'!Q:Q,'Summary KPI'!$N$8,'Data Down'!$C:$C,"<="&'Summary KPI'!$G$5,'Data Down'!$C:$C,">="&'Summary KPI'!$E$5) -> 0 | O66: =SUMIFS('Data Down'!U:U,'Data Down'!D:D,'Summary KPI'!B66,'Data Down'!Q:Q,'Summary KPI'!$O$8,'Data Down'!$C:$C,"<="&'Summary KPI'!$G$5,'Data Down'!$C:$C,">="&'Summary KPI'!$E$5) -> 0 | P66: =SUMIFS('Data Down'!U:U,'Data Down'!D:D,'Summary KPI'!B66,'Data Down'!Q:Q,'Summary KPI'!$P$8,'Data Down'!$C:$C,"<="&'Summary KPI'!$G$5,'Data Down'!$C:$C,">="&'Summary KPI'!$E$5) -> 0 | Q66: =SUMIFS('Data Down'!N:N,'Data Down'!$D:$D,'Summary KPI'!$B66,'Data Down'!$Q:$Q,'Summary KPI'!$Q$8,'Data Down'!$C:$C,"<="&'Summary KPI'!$G$5,'Data Down'!$C:$C,">="&'Summary KPI'!$E$5) -> 0 | R66: =SUMIFS('Data Down'!N:N,'Data Down'!D:D,'Summary KPI'!B66,'Data Down'!Q:Q,'Summary KPI'!$R$8,'Data Down'!$C:$C,"<="&'Summary KPI'!$G$5,'Data Down'!$C:$C,">="&'Summary KPI'!$E$5) -> 0 | S66: =SUMIFS('Data Down'!N:N,'Data Down'!D:D,'Summary KPI'!B66,'Data Down'!Q:Q,'Summary KPI'!$S$8,'Data Down'!$C:$C,"<="&'Summary KPI'!$G$5,'Data Down'!$C:$C,">="&'Summary KPI'!$E$5) -> 0 | T66: =SUMIFS('Data Down'!N:N,'Data Down'!D:D,'Summary KPI'!B66,'Data Down'!Q:Q,'Summary KPI'!$T$8,'Data Down'!$C:$C,"<="&'Summary KPI'!$G$5,'Data Down'!$C:$C,">="&'Summary KPI'!$E$5) -> 0 | U66: =+SUMIFS('Data Down'!$N:$N,'Data Down'!$D:$D,'Summary KPI'!B66,'Data Down'!$R:$R,'Summary KPI'!$U$7) -> 0 | V66: =+SUMIFS('Data Down'!$N:$N,'Data Down'!$D:$D,'Summary KPI'!B66,'Data Down'!$R:$R,'Summary KPI'!$V$7) -> 0 | W66: =+SUMIFS('Data Down'!$N:$N,'Data Down'!$D:$D,'Summary KPI'!B66,'Data Down'!$R:$R,'Summary KPI'!$W$7) -> 0 | X66: =+SUMIFS('Data Down'!$N:$N,'Data Down'!$D:$D,'Summary KPI'!B66,'Data Down'!$R:$R,'Summary KPI'!$X$7) -> 0 | Y66: =+SUMIFS('Data Down'!$N:$N,'Data Down'!$D:$D,'Summary KPI'!B66,'Data Down'!$R:$R,'Summary KPI'!$Y$7) -> 0 | Z66: =+SUMIFS('Data Down'!$N:$N,'Data Down'!$D:$D,'Summary KPI'!B66,'Data Down'!$R:$R,'Summary KPI'!$Z$7) -> 0 | AA66: =+SUMIFS('Data Down'!$N:$N,'Data Down'!$D:$D,'Summary KPI'!B66,'Data Down'!$R:$R,'Summary KPI'!$AA$7) -> 0 | AB66: =+SUMIFS('Data Down'!$N:$N,'Data Down'!$D:$D,'Summary KPI'!B66,'Data Down'!$R:$R,'Summary KPI'!$AB$7) -> 0 | AC66: =+SUMIFS('Data Down'!$N:$N,'Data Down'!$D:$D,'Summary KPI'!B66,'Data Down'!$R:$R,'Summary KPI'!$AC$7) -> 0 | AD66: =(L66-AQ66)/L66 -> 1 | AE66: =+IF(F66=0,0,F66/(F66+G66+J66)) -> 0 | AF66: =+IFERROR(F66/(F66+G66),0) -> 0 | AG66: =+F66/(F66+AQ66+J66) -> 0 | AH66: =IF(SUM(N66:O66)=0,F66,F66/SUM(N66:O66)) -> 0 | AI66: =+IF(O66=0,F66,F66/O66) -> 0 | AJ66: =IFERROR(AQ66/SUM(N66:O66),0) -> 0 | AK66: =IF(M66=0,0,M66/SUM(M66:O66)) -> 0 | AL66: =IF(N66+O66+P66=0,0,(N66+P66)/(N66+O66+P66)) -> 0 | AM66: =IF(O66+N66+P66=0,0,O66/(N66+O66+P66)) -> 0 | AN66: =IF(R66+S66=0,0,R66/(R66+S66)) -> 0 | AO66: =IF(R66+S66=0,0,S66/(R66+S66)) -> 0 | AQ66: =+SUM(Q66:S66) -> 0 | AR66: =+SUM(N66:O66) -> 0 | AT66: SUPPORT x 33 Unit | AV66: 0.85 | AW66: 50 | AX66: 6
A67: =A66+1 -> 58 | B67: TL 023 | C67: =VLOOKUP(B67,Sort!B:C,2,FALSE) -> TOWER LAMP | D67: {=INDEX(HM_Unit!D:D,MATCH('Summary KPI'!B67,HM_Unit!A:A,0))} -> 8068 | E67: {=INDEX(HM_Unit!CD:CD,MATCH('Summary KPI'!B67,HM_Unit!A:A,0))} -> 8238 | F67: =E67-D67 -> 170 | G67: =SUM(R67:S67) -> 0 | H67: =Q67 -> 0 | I67: =+Z67 -> 0 | J67: =L67-F67-I67-G67-H67 -> 550 | K67: =$J$5*24 -> 720 | L67: =$H$5*24 -> 720 | M67: =SUMIFS('Data Down'!U:U,'Data Down'!D:D,'Summary KPI'!B67,'Data Down'!Q:Q,'Summary KPI'!$M$8,'Data Down'!$C:$C,"<="&'Summary KPI'!$G$5,'Data Down'!$C:$C,">="&'Summary KPI'!$E$5) -> 0 | N67: =SUMIFS('Data Down'!U:U,'Data Down'!D:D,'Summary KPI'!B67,'Data Down'!Q:Q,'Summary KPI'!$N$8,'Data Down'!$C:$C,"<="&'Summary KPI'!$G$5,'Data Down'!$C:$C,">="&'Summary KPI'!$E$5) -> 0 | O67: =SUMIFS('Data Down'!U:U,'Data Down'!D:D,'Summary KPI'!B67,'Data Down'!Q:Q,'Summary KPI'!$O$8,'Data Down'!$C:$C,"<="&'Summary KPI'!$G$5,'Data Down'!$C:$C,">="&'Summary KPI'!$E$5) -> 0 | P67: =SUMIFS('Data Down'!U:U,'Data Down'!D:D,'Summary KPI'!B67,'Data Down'!Q:Q,'Summary KPI'!$P$8,'Data Down'!$C:$C,"<="&'Summary KPI'!$G$5,'Data Down'!$C:$C,">="&'Summary KPI'!$E$5) -> 0 | Q67: =SUMIFS('Data Down'!N:N,'Data Down'!$D:$D,'Summary KPI'!$B67,'Data Down'!$Q:$Q,'Summary KPI'!$Q$8,'Data Down'!$C:$C,"<="&'Summary KPI'!$G$5,'Data Down'!$C:$C,">="&'Summary KPI'!$E$5) -> 0 | R67: =SUMIFS('Data Down'!N:N,'Data Down'!D:D,'Summary KPI'!B67,'Data Down'!Q:Q,'Summary KPI'!$R$8,'Data Down'!$C:$C,"<="&'Summary KPI'!$G$5,'Data Down'!$C:$C,">="&'Summary KPI'!$E$5) -> 0 | S67: =SUMIFS('Data Down'!N:N,'Data Down'!D:D,'Summary KPI'!B67,'Data Down'!Q:Q,'Summary KPI'!$S$8,'Data Down'!$C:$C,"<="&'Summary KPI'!$G$5,'Data Down'!$C:$C,">="&'Summary KPI'!$E$5) -> 0 | T67: =SUMIFS('Data Down'!N:N,'Data Down'!D:D,'Summary KPI'!B67,'Data Down'!Q:Q,'Summary KPI'!$T$8,'Data Down'!$C:$C,"<="&'Summary KPI'!$G$5,'Data Down'!$C:$C,">="&'Summary KPI'!$E$5) -> 0 | U67: =+SUMIFS('Data Down'!$N:$N,'Data Down'!$D:$D,'Summary KPI'!B67,'Data Down'!$R:$R,'Summary KPI'!$U$7) -> 0 | V67: =+SUMIFS('Data Down'!$N:$N,'Data Down'!$D:$D,'Summary KPI'!B67,'Data Down'!$R:$R,'Summary KPI'!$V$7) -> 0 | W67: =+SUMIFS('Data Down'!$N:$N,'Data Down'!$D:$D,'Summary KPI'!B67,'Data Down'!$R:$R,'Summary KPI'!$W$7) -> 0 | X67: =+SUMIFS('Data Down'!$N:$N,'Data Down'!$D:$D,'Summary KPI'!B67,'Data Down'!$R:$R,'Summary KPI'!$X$7) -> 0 | Y67: =+SUMIFS('Data Down'!$N:$N,'Data Down'!$D:$D,'Summary KPI'!B67,'Data Down'!$R:$R,'Summary KPI'!$Y$7) -> 0 | Z67: =+SUMIFS('Data Down'!$N:$N,'Data Down'!$D:$D,'Summary KPI'!B67,'Data Down'!$R:$R,'Summary KPI'!$Z$7) -> 0 | AA67: =+SUMIFS('Data Down'!$N:$N,'Data Down'!$D:$D,'Summary KPI'!B67,'Data Down'!$R:$R,'Summary KPI'!$AA$7) -> 0 | AB67: =+SUMIFS('Data Down'!$N:$N,'Data Down'!$D:$D,'Summary KPI'!B67,'Data Down'!$R:$R,'Summary KPI'!$AB$7) -> 0 | AC67: =+SUMIFS('Data Down'!$N:$N,'Data Down'!$D:$D,'Summary KPI'!B67,'Data Down'!$R:$R,'Summary KPI'!$AC$7) -> 0 | AD67: =(L67-AQ67)/L67 -> 1 | AE67: =+IF(F67=0,0,F67/(F67+G67+J67)) -> 0.23611111 | AF67: =+IFERROR(F67/(F67+G67),0) -> 1 | AG67: =+F67/(F67+AQ67+J67) -> 0.23611111 | AH67: =IF(SUM(N67:O67)=0,F67,F67/SUM(N67:O67)) -> 170 | AI67: =+IF(O67=0,F67,F67/O67) -> 170 | AJ67: =IFERROR(AQ67/SUM(N67:O67),0) -> 0 | AK67: =IF(M67=0,0,M67/SUM(M67:O67)) -> 0 | AL67: =IF(N67+O67+P67=0,0,(N67+P67)/(N67+O67+P67)) -> 0 | AM67: =IF(O67+N67+P67=0,0,O67/(N67+O67+P67)) -> 0 | AN67: =IF(R67+S67=0,0,R67/(R67+S67)) -> 0 | AO67: =IF(R67+S67=0,0,S67/(R67+S67)) -> 0 | AQ67: =+SUM(Q67:S67) -> 0 | AR67: =+SUM(N67:O67) -> 0 | AT67: SUPPORT x 33 Unit | AV67: 0.85 | AW67: 50 | AX67: 6
A68: =+A67+1 -> 59 | B68: TL 024 | C68: =VLOOKUP(B68,Sort!B:C,2,FALSE) -> TOWER LAMP | D68: {=INDEX(HM_Unit!D:D,MATCH('Summary KPI'!B68,HM_Unit!A:A,0))} -> 36534 | E68: {=INDEX(HM_Unit!CD:CD,MATCH('Summary KPI'!B68,HM_Unit!A:A,0))} -> 36920 | F68: =E68-D68 -> 386 | G68: =SUM(R68:S68) -> 0 | H68: =Q68 -> 0 | I68: =+Z68 -> 0 | J68: =L68-F68-I68-G68-H68 -> 334 | K68: =$J$5*24 -> 720 | L68: =$H$5*24 -> 720 | M68: =SUMIFS('Data Down'!U:U,'Data Down'!D:D,'Summary KPI'!B68,'Data Down'!Q:Q,'Summary KPI'!$M$8,'Data Down'!$C:$C,"<="&'Summary KPI'!$G$5,'Data Down'!$C:$C,">="&'Summary KPI'!$E$5) -> 0 | N68: =SUMIFS('Data Down'!U:U,'Data Down'!D:D,'Summary KPI'!B68,'Data Down'!Q:Q,'Summary KPI'!$N$8,'Data Down'!$C:$C,"<="&'Summary KPI'!$G$5,'Data Down'!$C:$C,">="&'Summary KPI'!$E$5) -> 0 | O68: =SUMIFS('Data Down'!U:U,'Data Down'!D:D,'Summary KPI'!B68,'Data Down'!Q:Q,'Summary KPI'!$O$8,'Data Down'!$C:$C,"<="&'Summary KPI'!$G$5,'Data Down'!$C:$C,">="&'Summary KPI'!$E$5) -> 0 | P68: =SUMIFS('Data Down'!U:U,'Data Down'!D:D,'Summary KPI'!B68,'Data Down'!Q:Q,'Summary KPI'!$P$8,'Data Down'!$C:$C,"<="&'Summary KPI'!$G$5,'Data Down'!$C:$C,">="&'Summary KPI'!$E$5) -> 0 | Q68: =SUMIFS('Data Down'!N:N,'Data Down'!$D:$D,'Summary KPI'!$B68,'Data Down'!$Q:$Q,'Summary KPI'!$Q$8,'Data Down'!$C:$C,"<="&'Summary KPI'!$G$5,'Data Down'!$C:$C,">="&'Summary KPI'!$E$5) -> 0 | R68: =SUMIFS('Data Down'!N:N,'Data Down'!D:D,'Summary KPI'!B68,'Data Down'!Q:Q,'Summary KPI'!$R$8,'Data Down'!$C:$C,"<="&'Summary KPI'!$G$5,'Data Down'!$C:$C,">="&'Summary KPI'!$E$5) -> 0 | S68: =SUMIFS('Data Down'!N:N,'Data Down'!D:D,'Summary KPI'!B68,'Data Down'!Q:Q,'Summary KPI'!$S$8,'Data Down'!$C:$C,"<="&'Summary KPI'!$G$5,'Data Down'!$C:$C,">="&'Summary KPI'!$E$5) -> 0 | T68: =SUMIFS('Data Down'!N:N,'Data Down'!D:D,'Summary KPI'!B68,'Data Down'!Q:Q,'Summary KPI'!$T$8,'Data Down'!$C:$C,"<="&'Summary KPI'!$G$5,'Data Down'!$C:$C,">="&'Summary KPI'!$E$5) -> 0 | U68: =+SUMIFS('Data Down'!$N:$N,'Data Down'!$D:$D,'Summary KPI'!B68,'Data Down'!$R:$R,'Summary KPI'!$U$7) -> 0 | V68: =+SUMIFS('Data Down'!$N:$N,'Data Down'!$D:$D,'Summary KPI'!B68,'Data Down'!$R:$R,'Summary KPI'!$V$7) -> 0 | W68: =+SUMIFS('Data Down'!$N:$N,'Data Down'!$D:$D,'Summary KPI'!B68,'Data Down'!$R:$R,'Summary KPI'!$W$7) -> 0 | X68: =+SUMIFS('Data Down'!$N:$N,'Data Down'!$D:$D,'Summary KPI'!B68,'Data Down'!$R:$R,'Summary KPI'!$X$7) -> 0 | Y68: =+SUMIFS('Data Down'!$N:$N,'Data Down'!$D:$D,'Summary KPI'!B68,'Data Down'!$R:$R,'Summary KPI'!$Y$7) -> 0 | Z68: =+SUMIFS('Data Down'!$N:$N,'Data Down'!$D:$D,'Summary KPI'!B68,'Data Down'!$R:$R,'Summary KPI'!$Z$7) -> 0 | AA68: =+SUMIFS('Data Down'!$N:$N,'Data Down'!$D:$D,'Summary KPI'!B68,'Data Down'!$R:$R,'Summary KPI'!$AA$7) -> 0 | AB68: =+SUMIFS('Data Down'!$N:$N,'Data Down'!$D:$D,'Summary KPI'!B68,'Data Down'!$R:$R,'Summary KPI'!$AB$7) -> 0 | AC68: =+SUMIFS('Data Down'!$N:$N,'Data Down'!$D:$D,'Summary KPI'!B68,'Data Down'!$R:$R,'Summary KPI'!$AC$7) -> 0 | AD68: =(L68-AQ68)/L68 -> 1 | AE68: =+IF(F68=0,0,F68/(F68+G68+J68)) -> 0.53611111 | AF68: =+IFERROR(F68/(F68+G68),0) -> 1 | AG68: =+F68/(F68+AQ68+J68) -> 0.53611111 | AH68: =IF(SUM(N68:O68)=0,F68,F68/SUM(N68:O68)) -> 386 | AI68: =+IF(O68=0,F68,F68/O68) -> 386 | AJ68: =IFERROR(AQ68/SUM(N68:O68),0) -> 0 | AK68: =IF(M68=0,0,M68/SUM(M68:O68)) -> 0 | AL68: =IF(N68+O68+P68=0,0,(N68+P68)/(N68+O68+P68)) -> 0 | AM68: =IF(O68+N68+P68=0,0,O68/(N68+O68+P68)) -> 0 | AN68: =IF(R68+S68=0,0,R68/(R68+S68)) -> 0 | AO68: =IF(R68+S68=0,0,S68/(R68+S68)) -> 0 | AQ68: =+SUM(Q68:S68) -> 0 | AR68: =+SUM(N68:O68) -> 0 | AT68: SUPPORT x 33 Unit | AV68: 0.85 | AW68: 50 | AX68: 6
A69: =+A68+1 -> 60 | B69: TL 025 | C69: =VLOOKUP(B69,Sort!B:C,2,FALSE) -> TOWER LAMP | D69: {=INDEX(HM_Unit!D:D,MATCH('Summary KPI'!B69,HM_Unit!A:A,0))} -> 18195 | E69: {=INDEX(HM_Unit!CD:CD,MATCH('Summary KPI'!B69,HM_Unit!A:A,0))} -> 18325 | F69: =E69-D69 -> 130 | G69: =SUM(R69:S69) -> 0 | H69: =Q69 -> 0 | I69: =+Z69 -> 0 | J69: =L69-F69-I69-G69-H69 -> 590 | K69: =$J$5*24 -> 720 | L69: =$H$5*24 -> 720 | M69: =SUMIFS('Data Down'!U:U,'Data Down'!D:D,'Summary KPI'!B69,'Data Down'!Q:Q,'Summary KPI'!$M$8,'Data Down'!$C:$C,"<="&'Summary KPI'!$G$5,'Data Down'!$C:$C,">="&'Summary KPI'!$E$5) -> 0 | N69: =SUMIFS('Data Down'!U:U,'Data Down'!D:D,'Summary KPI'!B69,'Data Down'!Q:Q,'Summary KPI'!$N$8,'Data Down'!$C:$C,"<="&'Summary KPI'!$G$5,'Data Down'!$C:$C,">="&'Summary KPI'!$E$5) -> 0 | O69: =SUMIFS('Data Down'!U:U,'Data Down'!D:D,'Summary KPI'!B69,'Data Down'!Q:Q,'Summary KPI'!$O$8,'Data Down'!$C:$C,"<="&'Summary KPI'!$G$5,'Data Down'!$C:$C,">="&'Summary KPI'!$E$5) -> 0 | P69: =SUMIFS('Data Down'!U:U,'Data Down'!D:D,'Summary KPI'!B69,'Data Down'!Q:Q,'Summary KPI'!$P$8,'Data Down'!$C:$C,"<="&'Summary KPI'!$G$5,'Data Down'!$C:$C,">="&'Summary KPI'!$E$5) -> 0 | Q69: =SUMIFS('Data Down'!N:N,'Data Down'!$D:$D,'Summary KPI'!$B69,'Data Down'!$Q:$Q,'Summary KPI'!$Q$8,'Data Down'!$C:$C,"<="&'Summary KPI'!$G$5,'Data Down'!$C:$C,">="&'Summary KPI'!$E$5) -> 0 | R69: =SUMIFS('Data Down'!N:N,'Data Down'!D:D,'Summary KPI'!B69,'Data Down'!Q:Q,'Summary KPI'!$R$8,'Data Down'!$C:$C,"<="&'Summary KPI'!$G$5,'Data Down'!$C:$C,">="&'Summary KPI'!$E$5) -> 0 | S69: =SUMIFS('Data Down'!N:N,'Data Down'!D:D,'Summary KPI'!B69,'Data Down'!Q:Q,'Summary KPI'!$S$8,'Data Down'!$C:$C,"<="&'Summary KPI'!$G$5,'Data Down'!$C:$C,">="&'Summary KPI'!$E$5) -> 0 | T69: =SUMIFS('Data Down'!N:N,'Data Down'!D:D,'Summary KPI'!B69,'Data Down'!Q:Q,'Summary KPI'!$T$8,'Data Down'!$C:$C,"<="&'Summary KPI'!$G$5,'Data Down'!$C:$C,">="&'Summary KPI'!$E$5) -> 0 | U69: =+SUMIFS('Data Down'!$N:$N,'Data Down'!$D:$D,'Summary KPI'!B69,'Data Down'!$R:$R,'Summary KPI'!$U$7) -> 0 | V69: =+SUMIFS('Data Down'!$N:$N,'Data Down'!$D:$D,'Summary KPI'!B69,'Data Down'!$R:$R,'Summary KPI'!$V$7) -> 0 | W69: =+SUMIFS('Data Down'!$N:$N,'Data Down'!$D:$D,'Summary KPI'!B69,'Data Down'!$R:$R,'Summary KPI'!$W$7) -> 0 | X69: =+SUMIFS('Data Down'!$N:$N,'Data Down'!$D:$D,'Summary KPI'!B69,'Data Down'!$R:$R,'Summary KPI'!$X$7) -> 0 | Y69: =+SUMIFS('Data Down'!$N:$N,'Data Down'!$D:$D,'Summary KPI'!B69,'Data Down'!$R:$R,'Summary KPI'!$Y$7) -> 0 | Z69: =+SUMIFS('Data Down'!$N:$N,'Data Down'!$D:$D,'Summary KPI'!B69,'Data Down'!$R:$R,'Summary KPI'!$Z$7) -> 0 | AA69: =+SUMIFS('Data Down'!$N:$N,'Data Down'!$D:$D,'Summary KPI'!B69,'Data Down'!$R:$R,'Summary KPI'!$AA$7) -> 0 | AB69: =+SUMIFS('Data Down'!$N:$N,'Data Down'!$D:$D,'Summary KPI'!B69,'Data Down'!$R:$R,'Summary KPI'!$AB$7) -> 0 | AC69: =+SUMIFS('Data Down'!$N:$N,'Data Down'!$D:$D,'Summary KPI'!B69,'Data Down'!$R:$R,'Summary KPI'!$AC$7) -> 0 | AD69: =(L69-AQ69)/L69 -> 1 | AE69: =+IF(F69=0,0,F69/(F69+G69+J69)) -> 0.18055556 | AF69: =+IFERROR(F69/(F69+G69),0) -> 1 | AG69: =+F69/(F69+AQ69+J69) -> 0.18055556 | AH69: =IF(SUM(N69:O69)=0,F69,F69/SUM(N69:O69)) -> 130 | AI69: =+IF(O69=0,F69,F69/O69) -> 130 | AJ69: =IFERROR(AQ69/SUM(N69:O69),0) -> 0 | AK69: =IF(M69=0,0,M69/SUM(M69:O69)) -> 0 | AL69: =IF(N69+O69+P69=0,0,(N69+P69)/(N69+O69+P69)) -> 0 | AM69: =IF(O69+N69+P69=0,0,O69/(N69+O69+P69)) -> 0 | AN69: =IF(R69+S69=0,0,R69/(R69+S69)) -> 0 | AO69: =IF(R69+S69=0,0,S69/(R69+S69)) -> 0 | AQ69: =+SUM(Q69:S69) -> 0 | AR69: =+SUM(N69:O69) -> 0 | AT69: SUPPORT x 33 Unit | AV69: 0.85 | AW69: 50 | AX69: 6
A70: =+A69+1 -> 61 | B70: TL 026 | C70: =VLOOKUP(B70,Sort!B:C,2,FALSE) -> TOWER LAMP | D70: {=INDEX(HM_Unit!D:D,MATCH('Summary KPI'!B70,HM_Unit!A:A,0))} -> 8857 | E70: {=INDEX(HM_Unit!CD:CD,MATCH('Summary KPI'!B70,HM_Unit!A:A,0))} -> 9044 | F70: =E70-D70 -> 187 | G70: =SUM(R70:S70) -> 0 | H70: =Q70 -> 0 | I70: =+Z70 -> 0 | J70: =L70-F70-I70-G70-H70 -> 533 | K70: =$J$5*24 -> 720 | L70: =$H$5*24 -> 720 | M70: =SUMIFS('Data Down'!U:U,'Data Down'!D:D,'Summary KPI'!B70,'Data Down'!Q:Q,'Summary KPI'!$M$8,'Data Down'!$C:$C,"<="&'Summary KPI'!$G$5,'Data Down'!$C:$C,">="&'Summary KPI'!$E$5) -> 0 | N70: =SUMIFS('Data Down'!U:U,'Data Down'!D:D,'Summary KPI'!B70,'Data Down'!Q:Q,'Summary KPI'!$N$8,'Data Down'!$C:$C,"<="&'Summary KPI'!$G$5,'Data Down'!$C:$C,">="&'Summary KPI'!$E$5) -> 0 | O70: =SUMIFS('Data Down'!U:U,'Data Down'!D:D,'Summary KPI'!B70,'Data Down'!Q:Q,'Summary KPI'!$O$8,'Data Down'!$C:$C,"<="&'Summary KPI'!$G$5,'Data Down'!$C:$C,">="&'Summary KPI'!$E$5) -> 0 | P70: =SUMIFS('Data Down'!U:U,'Data Down'!D:D,'Summary KPI'!B70,'Data Down'!Q:Q,'Summary KPI'!$P$8,'Data Down'!$C:$C,"<="&'Summary KPI'!$G$5,'Data Down'!$C:$C,">="&'Summary KPI'!$E$5) -> 0 | Q70: =SUMIFS('Data Down'!N:N,'Data Down'!$D:$D,'Summary KPI'!$B70,'Data Down'!$Q:$Q,'Summary KPI'!$Q$8,'Data Down'!$C:$C,"<="&'Summary KPI'!$G$5,'Data Down'!$C:$C,">="&'Summary KPI'!$E$5) -> 0 | R70: =SUMIFS('Data Down'!N:N,'Data Down'!D:D,'Summary KPI'!B70,'Data Down'!Q:Q,'Summary KPI'!$R$8,'Data Down'!$C:$C,"<="&'Summary KPI'!$G$5,'Data Down'!$C:$C,">="&'Summary KPI'!$E$5) -> 0 | S70: =SUMIFS('Data Down'!N:N,'Data Down'!D:D,'Summary KPI'!B70,'Data Down'!Q:Q,'Summary KPI'!$S$8,'Data Down'!$C:$C,"<="&'Summary KPI'!$G$5,'Data Down'!$C:$C,">="&'Summary KPI'!$E$5) -> 0 | T70: =SUMIFS('Data Down'!N:N,'Data Down'!D:D,'Summary KPI'!B70,'Data Down'!Q:Q,'Summary KPI'!$T$8,'Data Down'!$C:$C,"<="&'Summary KPI'!$G$5,'Data Down'!$C:$C,">="&'Summary KPI'!$E$5) -> 0 | U70: =+SUMIFS('Data Down'!$N:$N,'Data Down'!$D:$D,'Summary KPI'!B70,'Data Down'!$R:$R,'Summary KPI'!$U$7) -> 0 | V70: =+SUMIFS('Data Down'!$N:$N,'Data Down'!$D:$D,'Summary KPI'!B70,'Data Down'!$R:$R,'Summary KPI'!$V$7) -> 0 | W70: =+SUMIFS('Data Down'!$N:$N,'Data Down'!$D:$D,'Summary KPI'!B70,'Data Down'!$R:$R,'Summary KPI'!$W$7) -> 0 | X70: =+SUMIFS('Data Down'!$N:$N,'Data Down'!$D:$D,'Summary KPI'!B70,'Data Down'!$R:$R,'Summary KPI'!$X$7) -> 0 | Y70: =+SUMIFS('Data Down'!$N:$N,'Data Down'!$D:$D,'Summary KPI'!B70,'Data Down'!$R:$R,'Summary KPI'!$Y$7) -> 0 | Z70: =+SUMIFS('Data Down'!$N:$N,'Data Down'!$D:$D,'Summary KPI'!B70,'Data Down'!$R:$R,'Summary KPI'!$Z$7) -> 0 | AA70: =+SUMIFS('Data Down'!$N:$N,'Data Down'!$D:$D,'Summary KPI'!B70,'Data Down'!$R:$R,'Summary KPI'!$AA$7) -> 0 | AB70: =+SUMIFS('Data Down'!$N:$N,'Data Down'!$D:$D,'Summary KPI'!B70,'Data Down'!$R:$R,'Summary KPI'!$AB$7) -> 0 | AC70: =+SUMIFS('Data Down'!$N:$N,'Data Down'!$D:$D,'Summary KPI'!B70,'Data Down'!$R:$R,'Summary KPI'!$AC$7) -> 0 | AD70: =(L70-AQ70)/L70 -> 1 | AE70: =+IF(F70=0,0,F70/(F70+G70+J70)) -> 0.25972222 | AF70: =+IFERROR(F70/(F70+G70),0) -> 1 | AG70: =+F70/(F70+AQ70+J70) -> 0.25972222 | AH70: =IF(SUM(N70:O70)=0,F70,F70/SUM(N70:O70)) -> 187 | AI70: =+IF(O70=0,F70,F70/O70) -> 187 | AJ70: 0 | AK70: =IF(M70=0,0,M70/SUM(M70:O70)) -> 0 | AL70: =IF(N70+O70+P70=0,0,(N70+P70)/(N70+O70+P70)) -> 0 | AM70: =IF(O70+N70+P70=0,0,O70/(N70+O70+P70)) -> 0 | AN70: =IF(R70+S70=0,0,R70/(R70+S70)) -> 0 | AO70: =IF(R70+S70=0,0,S70/(R70+S70)) -> 0 | AQ70: =+SUM(Q70:S70) -> 0 | AR70: =+SUM(N70:O70) -> 0 | AT70: SUPPORT x 33 Unit | AV70: 0.85 | AW70: 50 | AX70: 6
A71: =+A70+1 -> 62 | B71: TL 027 | C71: =VLOOKUP(B71,Sort!B:C,2,FALSE) -> TOWER LAMP | D71: {=INDEX(HM_Unit!D:D,MATCH('Summary KPI'!B71,HM_Unit!A:A,0))} -> 38362 | E71: {=INDEX(HM_Unit!CD:CD,MATCH('Summary KPI'!B71,HM_Unit!A:A,0))} -> 38362 | F71: =E71-D71 -> 0 | G71: =SUM(R71:S71) -> 0 | H71: =Q71 -> 0 | I71: =+Z71 -> 0 | J71: =L71-F71-I71-G71-H71 -> 720 | K71: =$J$5*24 -> 720 | L71: =$H$5*24 -> 720 | M71: =SUMIFS('Data Down'!U:U,'Data Down'!D:D,'Summary KPI'!B71,'Data Down'!Q:Q,'Summary KPI'!$M$8,'Data Down'!$C:$C,"<="&'Summary KPI'!$G$5,'Data Down'!$C:$C,">="&'Summary KPI'!$E$5) -> 0 | N71: =SUMIFS('Data Down'!U:U,'Data Down'!D:D,'Summary KPI'!B71,'Data Down'!Q:Q,'Summary KPI'!$N$8,'Data Down'!$C:$C,"<="&'Summary KPI'!$G$5,'Data Down'!$C:$C,">="&'Summary KPI'!$E$5) -> 0 | O71: =SUMIFS('Data Down'!U:U,'Data Down'!D:D,'Summary KPI'!B71,'Data Down'!Q:Q,'Summary KPI'!$O$8,'Data Down'!$C:$C,"<="&'Summary KPI'!$G$5,'Data Down'!$C:$C,">="&'Summary KPI'!$E$5) -> 0 | P71: =SUMIFS('Data Down'!U:U,'Data Down'!D:D,'Summary KPI'!B71,'Data Down'!Q:Q,'Summary KPI'!$P$8,'Data Down'!$C:$C,"<="&'Summary KPI'!$G$5,'Data Down'!$C:$C,">="&'Summary KPI'!$E$5) -> 0 | Q71: =SUMIFS('Data Down'!N:N,'Data Down'!$D:$D,'Summary KPI'!$B71,'Data Down'!$Q:$Q,'Summary KPI'!$Q$8,'Data Down'!$C:$C,"<="&'Summary KPI'!$G$5,'Data Down'!$C:$C,">="&'Summary KPI'!$E$5) -> 0 | R71: =SUMIFS('Data Down'!N:N,'Data Down'!D:D,'Summary KPI'!B71,'Data Down'!Q:Q,'Summary KPI'!$R$8,'Data Down'!$C:$C,"<="&'Summary KPI'!$G$5,'Data Down'!$C:$C,">="&'Summary KPI'!$E$5) -> 0 | S71: =SUMIFS('Data Down'!N:N,'Data Down'!D:D,'Summary KPI'!B71,'Data Down'!Q:Q,'Summary KPI'!$S$8,'Data Down'!$C:$C,"<="&'Summary KPI'!$G$5,'Data Down'!$C:$C,">="&'Summary KPI'!$E$5) -> 0 | T71: =SUMIFS('Data Down'!N:N,'Data Down'!D:D,'Summary KPI'!B71,'Data Down'!Q:Q,'Summary KPI'!$T$8,'Data Down'!$C:$C,"<="&'Summary KPI'!$G$5,'Data Down'!$C:$C,">="&'Summary KPI'!$E$5) -> 0 | U71: =+SUMIFS('Data Down'!$N:$N,'Data Down'!$D:$D,'Summary KPI'!B71,'Data Down'!$R:$R,'Summary KPI'!$U$7) -> 0 | V71: =+SUMIFS('Data Down'!$N:$N,'Data Down'!$D:$D,'Summary KPI'!B71,'Data Down'!$R:$R,'Summary KPI'!$V$7) -> 0 | W71: =+SUMIFS('Data Down'!$N:$N,'Data Down'!$D:$D,'Summary KPI'!B71,'Data Down'!$R:$R,'Summary KPI'!$W$7) -> 0 | X71: =+SUMIFS('Data Down'!$N:$N,'Data Down'!$D:$D,'Summary KPI'!B71,'Data Down'!$R:$R,'Summary KPI'!$X$7) -> 0 | Y71: =+SUMIFS('Data Down'!$N:$N,'Data Down'!$D:$D,'Summary KPI'!B71,'Data Down'!$R:$R,'Summary KPI'!$Y$7) -> 0 | Z71: =+SUMIFS('Data Down'!$N:$N,'Data Down'!$D:$D,'Summary KPI'!B71,'Data Down'!$R:$R,'Summary KPI'!$Z$7) -> 0 | AA71: =+SUMIFS('Data Down'!$N:$N,'Data Down'!$D:$D,'Summary KPI'!B71,'Data Down'!$R:$R,'Summary KPI'!$AA$7) -> 0 | AB71: =+SUMIFS('Data Down'!$N:$N,'Data Down'!$D:$D,'Summary KPI'!B71,'Data Down'!$R:$R,'Summary KPI'!$AB$7) -> 0 | AC71: =+SUMIFS('Data Down'!$N:$N,'Data Down'!$D:$D,'Summary KPI'!B71,'Data Down'!$R:$R,'Summary KPI'!$AC$7) -> 0 | AD71: =(L71-AQ71)/L71 -> 1 | AE71: =+IF(F71=0,0,F71/(F71+G71+J71)) -> 0 | AF71: =+IFERROR(F71/(F71+G71),0) -> 0 | AG71: =+F71/(F71+AQ71+J71) -> 0 | AH71: =IF(SUM(N71:O71)=0,F71,F71/SUM(N71:O71)) -> 0 | AI71: =+IF(O71=0,F71,F71/O71) -> 0 | AJ71: =IFERROR(AQ71/SUM(N71:O71),0) -> 0 | AK71: =IF(M71=0,0,M71/SUM(M71:O71)) -> 0 | AL71: =IF(N71+O71+P71=0,0,(N71+P71)/(N71+O71+P71)) -> 0 | AM71: =IF(O71+N71+P71=0,0,O71/(N71+O71+P71)) -> 0 | AN71: =IF(R71+S71=0,0,R71/(R71+S71)) -> 0 | AO71: =IF(R71+S71=0,0,S71/(R71+S71)) -> 0 | AQ71: =+SUM(Q71:S71) -> 0 | AR71: =+SUM(N71:O71) -> 0 | AT71: SUPPORT x 33 Unit | AV71: 0.85 | AW71: 50 | AX71: 6
A72: =+A71+1 -> 63 | B72: TL 028 | C72: =VLOOKUP(B72,Sort!B:C,2,FALSE) -> TOWER LAMP | D72: {=INDEX(HM_Unit!D:D,MATCH('Summary KPI'!B72,HM_Unit!A:A,0))} -> 17880 | E72: {=INDEX(HM_Unit!CD:CD,MATCH('Summary KPI'!B72,HM_Unit!A:A,0))} -> 17880 | F72: =E72-D72 -> 0 | G72: =SUM(R72:S72) -> 696.00111 | H72: =Q72 -> 0 | I72: =+Z72 -> 0 | J72: =L72-F72-I72-G72-H72 -> 23.998886 | K72: =$J$5*24 -> 720 | L72: =$H$5*24 -> 720 | M72: =SUMIFS('Data Down'!U:U,'Data Down'!D:D,'Summary KPI'!B72,'Data Down'!Q:Q,'Summary KPI'!$M$8,'Data Down'!$C:$C,"<="&'Summary KPI'!$G$5,'Data Down'!$C:$C,">="&'Summary KPI'!$E$5) -> 0 | N72: =SUMIFS('Data Down'!U:U,'Data Down'!D:D,'Summary KPI'!B72,'Data Down'!Q:Q,'Summary KPI'!$N$8,'Data Down'!$C:$C,"<="&'Summary KPI'!$G$5,'Data Down'!$C:$C,">="&'Summary KPI'!$E$5) -> 0 | O72: =SUMIFS('Data Down'!U:U,'Data Down'!D:D,'Summary KPI'!B72,'Data Down'!Q:Q,'Summary KPI'!$O$8,'Data Down'!$C:$C,"<="&'Summary KPI'!$G$5,'Data Down'!$C:$C,">="&'Summary KPI'!$E$5) -> 0 | P72: =SUMIFS('Data Down'!U:U,'Data Down'!D:D,'Summary KPI'!B72,'Data Down'!Q:Q,'Summary KPI'!$P$8,'Data Down'!$C:$C,"<="&'Summary KPI'!$G$5,'Data Down'!$C:$C,">="&'Summary KPI'!$E$5) -> 0 | Q72: =SUMIFS('Data Down'!N:N,'Data Down'!$D:$D,'Summary KPI'!$B72,'Data Down'!$Q:$Q,'Summary KPI'!$Q$8,'Data Down'!$C:$C,"<="&'Summary KPI'!$G$5,'Data Down'!$C:$C,">="&'Summary KPI'!$E$5) -> 0 | R72: =SUMIFS('Data Down'!N:N,'Data Down'!D:D,'Summary KPI'!B72,'Data Down'!Q:Q,'Summary KPI'!$R$8,'Data Down'!$C:$C,"<="&'Summary KPI'!$G$5,'Data Down'!$C:$C,">="&'Summary KPI'!$E$5) -> 0 | S72: =SUMIFS('Data Down'!N:N,'Data Down'!D:D,'Summary KPI'!B72,'Data Down'!Q:Q,'Summary KPI'!$S$8,'Data Down'!$C:$C,"<="&'Summary KPI'!$G$5,'Data Down'!$C:$C,">="&'Summary KPI'!$E$5) -> 696.00111 | T72: =SUMIFS('Data Down'!N:N,'Data Down'!D:D,'Summary KPI'!B72,'Data Down'!Q:Q,'Summary KPI'!$T$8,'Data Down'!$C:$C,"<="&'Summary KPI'!$G$5,'Data Down'!$C:$C,">="&'Summary KPI'!$E$5) -> 0 | U72: =+SUMIFS('Data Down'!$N:$N,'Data Down'!$D:$D,'Summary KPI'!B72,'Data Down'!$R:$R,'Summary KPI'!$U$7) -> 0 | V72: =+SUMIFS('Data Down'!$N:$N,'Data Down'!$D:$D,'Summary KPI'!B72,'Data Down'!$R:$R,'Summary KPI'!$V$7) -> 0 | W72: =+SUMIFS('Data Down'!$N:$N,'Data Down'!$D:$D,'Summary KPI'!B72,'Data Down'!$R:$R,'Summary KPI'!$W$7) -> 696.00111 | X72: =+SUMIFS('Data Down'!$N:$N,'Data Down'!$D:$D,'Summary KPI'!B72,'Data Down'!$R:$R,'Summary KPI'!$X$7) -> 0 | Y72: =+SUMIFS('Data Down'!$N:$N,'Data Down'!$D:$D,'Summary KPI'!B72,'Data Down'!$R:$R,'Summary KPI'!$Y$7) -> 0 | Z72: =+SUMIFS('Data Down'!$N:$N,'Data Down'!$D:$D,'Summary KPI'!B72,'Data Down'!$R:$R,'Summary KPI'!$Z$7) -> 0 | AA72: =+SUMIFS('Data Down'!$N:$N,'Data Down'!$D:$D,'Summary KPI'!B72,'Data Down'!$R:$R,'Summary KPI'!$AA$7) -> 0 | AB72: =+SUMIFS('Data Down'!$N:$N,'Data Down'!$D:$D,'Summary KPI'!B72,'Data Down'!$R:$R,'Summary KPI'!$AB$7) -> 0 | AC72: =+SUMIFS('Data Down'!$N:$N,'Data Down'!$D:$D,'Summary KPI'!B72,'Data Down'!$R:$R,'Summary KPI'!$AC$7) -> 0 | AD72: =(L72-AQ72)/L72 -> 0.033331787 | AE72: =+IF(F72=0,0,F72/(F72+G72+J72)) -> 0 | AF72: =+IFERROR(F72/(F72+G72),0) -> 0 | AG72: =+F72/(F72+AQ72+J72) -> 0 | AH72: =IF(SUM(N72:O72)=0,F72,F72/SUM(N72:O72)) -> 0 | AI72: =+IF(O72=0,F72,F72/O72) -> 0 | AJ72: =IFERROR(AQ72/SUM(N72:O72),0) -> 0 | AK72: =IF(M72=0,0,M72/SUM(M72:O72)) -> 0 | AL72: =IF(N72+O72+P72=0,0,(N72+P72)/(N72+O72+P72)) -> 0 | AM72: =IF(O72+N72+P72=0,0,O72/(N72+O72+P72)) -> 0 | AN72: =IF(R72+S72=0,0,R72/(R72+S72)) -> 0 | AO72: =IF(R72+S72=0,0,S72/(R72+S72)) -> 1 | AQ72: =+SUM(Q72:S72) -> 696.00111 | AR72: =+SUM(N72:O72) -> 0 | AT72: SUPPORT x 33 Unit | AV72: 0.85 | AW72: 50 | AX72: 6
A73: =+A72+1 -> 64 | B73: TL 029 | C73: =VLOOKUP(B73,Sort!B:C,2,FALSE) -> TOWER LAMP | D73: {=INDEX(HM_Unit!D:D,MATCH('Summary KPI'!B73,HM_Unit!A:A,0))} -> 19450 | E73: {=INDEX(HM_Unit!CD:CD,MATCH('Summary KPI'!B73,HM_Unit!A:A,0))} -> 19450 | F73: =E73-D73 -> 0 | G73: =SUM(R73:S73) -> 696.00111 | H73: =Q73 -> 0 | I73: =+Z73 -> 0 | J73: =L73-F73-I73-G73-H73 -> 23.998886 | K73: =$J$5*24 -> 720 | L73: =$H$5*24 -> 720 | M73: =SUMIFS('Data Down'!U:U,'Data Down'!D:D,'Summary KPI'!B73,'Data Down'!Q:Q,'Summary KPI'!$M$8,'Data Down'!$C:$C,"<="&'Summary KPI'!$G$5,'Data Down'!$C:$C,">="&'Summary KPI'!$E$5) -> 0 | N73: =SUMIFS('Data Down'!U:U,'Data Down'!D:D,'Summary KPI'!B73,'Data Down'!Q:Q,'Summary KPI'!$N$8,'Data Down'!$C:$C,"<="&'Summary KPI'!$G$5,'Data Down'!$C:$C,">="&'Summary KPI'!$E$5) -> 0 | O73: =SUMIFS('Data Down'!U:U,'Data Down'!D:D,'Summary KPI'!B73,'Data Down'!Q:Q,'Summary KPI'!$O$8,'Data Down'!$C:$C,"<="&'Summary KPI'!$G$5,'Data Down'!$C:$C,">="&'Summary KPI'!$E$5) -> 0 | P73: =SUMIFS('Data Down'!U:U,'Data Down'!D:D,'Summary KPI'!B73,'Data Down'!Q:Q,'Summary KPI'!$P$8,'Data Down'!$C:$C,"<="&'Summary KPI'!$G$5,'Data Down'!$C:$C,">="&'Summary KPI'!$E$5) -> 0 | Q73: =SUMIFS('Data Down'!N:N,'Data Down'!$D:$D,'Summary KPI'!$B73,'Data Down'!$Q:$Q,'Summary KPI'!$Q$8,'Data Down'!$C:$C,"<="&'Summary KPI'!$G$5,'Data Down'!$C:$C,">="&'Summary KPI'!$E$5) -> 0 | R73: =SUMIFS('Data Down'!N:N,'Data Down'!D:D,'Summary KPI'!B73,'Data Down'!Q:Q,'Summary KPI'!$R$8,'Data Down'!$C:$C,"<="&'Summary KPI'!$G$5,'Data Down'!$C:$C,">="&'Summary KPI'!$E$5) -> 0 | S73: =SUMIFS('Data Down'!N:N,'Data Down'!D:D,'Summary KPI'!B73,'Data Down'!Q:Q,'Summary KPI'!$S$8,'Data Down'!$C:$C,"<="&'Summary KPI'!$G$5,'Data Down'!$C:$C,">="&'Summary KPI'!$E$5) -> 696.00111 | T73: =SUMIFS('Data Down'!N:N,'Data Down'!D:D,'Summary KPI'!B73,'Data Down'!Q:Q,'Summary KPI'!$T$8,'Data Down'!$C:$C,"<="&'Summary KPI'!$G$5,'Data Down'!$C:$C,">="&'Summary KPI'!$E$5) -> 0 | U73: =+SUMIFS('Data Down'!$N:$N,'Data Down'!$D:$D,'Summary KPI'!B73,'Data Down'!$R:$R,'Summary KPI'!$U$7) -> 0 | V73: =+SUMIFS('Data Down'!$N:$N,'Data Down'!$D:$D,'Summary KPI'!B73,'Data Down'!$R:$R,'Summary KPI'!$V$7) -> 0 | W73: =+SUMIFS('Data Down'!$N:$N,'Data Down'!$D:$D,'Summary KPI'!B73,'Data Down'!$R:$R,'Summary KPI'!$W$7) -> 696.00111 | X73: =+SUMIFS('Data Down'!$N:$N,'Data Down'!$D:$D,'Summary KPI'!B73,'Data Down'!$R:$R,'Summary KPI'!$X$7) -> 0 | Y73: =+SUMIFS('Data Down'!$N:$N,'Data Down'!$D:$D,'Summary KPI'!B73,'Data Down'!$R:$R,'Summary KPI'!$Y$7) -> 0 | Z73: =+SUMIFS('Data Down'!$N:$N,'Data Down'!$D:$D,'Summary KPI'!B73,'Data Down'!$R:$R,'Summary KPI'!$Z$7) -> 0 | AA73: =+SUMIFS('Data Down'!$N:$N,'Data Down'!$D:$D,'Summary KPI'!B73,'Data Down'!$R:$R,'Summary KPI'!$AA$7) -> 0 | AB73: =+SUMIFS('Data Down'!$N:$N,'Data Down'!$D:$D,'Summary KPI'!B73,'Data Down'!$R:$R,'Summary KPI'!$AB$7) -> 0 | AC73: =+SUMIFS('Data Down'!$N:$N,'Data Down'!$D:$D,'Summary KPI'!B73,'Data Down'!$R:$R,'Summary KPI'!$AC$7) -> 0 | AD73: =(L73-AQ73)/L73 -> 0.033331787 | AE73: =+IF(F73=0,0,F73/(F73+G73+J73)) -> 0 | AF73: =+IFERROR(F73/(F73+G73),0) -> 0 | AG73: =+F73/(F73+AQ73+J73) -> 0 | AH73: =IF(SUM(N73:O73)=0,F73,F73/SUM(N73:O73)) -> 0 | AI73: =+IF(O73=0,F73,F73/O73) -> 0 | AJ73: =IFERROR(AQ73/SUM(N73:O73),0) -> 0 | AK73: =IF(M73=0,0,M73/SUM(M73:O73)) -> 0 | AL73: =IF(N73+O73+P73=0,0,(N73+P73)/(N73+O73+P73)) -> 0 | AM73: =IF(O73+N73+P73=0,0,O73/(N73+O73+P73)) -> 0 | AN73: =IF(R73+S73=0,0,R73/(R73+S73)) -> 0 | AO73: =IF(R73+S73=0,0,S73/(R73+S73)) -> 1 | AQ73: =+SUM(Q73:S73) -> 696.00111 | AR73: =+SUM(N73:O73) -> 0 | AT73: SUPPORT x 33 Unit | AV73: 0.85 | AW73: 50 | AX73: 6
A74: =+A73+1 -> 65 | B74: TL 042 | C74: =VLOOKUP(B74,Sort!B:C,2,FALSE) -> TOWER LAMP | D74: {=INDEX(HM_Unit!D:D,MATCH('Summary KPI'!B74,HM_Unit!A:A,0))} -> 17945 | E74: {=INDEX(HM_Unit!CD:CD,MATCH('Summary KPI'!B74,HM_Unit!A:A,0))} -> 18328 | F74: =E74-D74 -> 383 | G74: =SUM(R74:S74) -> 0 | H74: =Q74 -> 0 | I74: =+Z74 -> 0 | J74: =L74-F74-I74-G74-H74 -> 337 | K74: =$J$5*24 -> 720 | L74: =$H$5*24 -> 720 | M74: =SUMIFS('Data Down'!U:U,'Data Down'!D:D,'Summary KPI'!B74,'Data Down'!Q:Q,'Summary KPI'!$M$8,'Data Down'!$C:$C,"<="&'Summary KPI'!$G$5,'Data Down'!$C:$C,">="&'Summary KPI'!$E$5) -> 0 | N74: =SUMIFS('Data Down'!U:U,'Data Down'!D:D,'Summary KPI'!B74,'Data Down'!Q:Q,'Summary KPI'!$N$8,'Data Down'!$C:$C,"<="&'Summary KPI'!$G$5,'Data Down'!$C:$C,">="&'Summary KPI'!$E$5) -> 0 | O74: =SUMIFS('Data Down'!U:U,'Data Down'!D:D,'Summary KPI'!B74,'Data Down'!Q:Q,'Summary KPI'!$O$8,'Data Down'!$C:$C,"<="&'Summary KPI'!$G$5,'Data Down'!$C:$C,">="&'Summary KPI'!$E$5) -> 0 | P74: =SUMIFS('Data Down'!U:U,'Data Down'!D:D,'Summary KPI'!B74,'Data Down'!Q:Q,'Summary KPI'!$P$8,'Data Down'!$C:$C,"<="&'Summary KPI'!$G$5,'Data Down'!$C:$C,">="&'Summary KPI'!$E$5) -> 0 | Q74: =SUMIFS('Data Down'!N:N,'Data Down'!$D:$D,'Summary KPI'!$B74,'Data Down'!$Q:$Q,'Summary KPI'!$Q$8,'Data Down'!$C:$C,"<="&'Summary KPI'!$G$5,'Data Down'!$C:$C,">="&'Summary KPI'!$E$5) -> 0 | R74: =SUMIFS('Data Down'!N:N,'Data Down'!D:D,'Summary KPI'!B74,'Data Down'!Q:Q,'Summary KPI'!$R$8,'Data Down'!$C:$C,"<="&'Summary KPI'!$G$5,'Data Down'!$C:$C,">="&'Summary KPI'!$E$5) -> 0 | S74: =SUMIFS('Data Down'!N:N,'Data Down'!D:D,'Summary KPI'!B74,'Data Down'!Q:Q,'Summary KPI'!$S$8,'Data Down'!$C:$C,"<="&'Summary KPI'!$G$5,'Data Down'!$C:$C,">="&'Summary KPI'!$E$5) -> 0 | T74: =SUMIFS('Data Down'!N:N,'Data Down'!D:D,'Summary KPI'!B74,'Data Down'!Q:Q,'Summary KPI'!$T$8,'Data Down'!$C:$C,"<="&'Summary KPI'!$G$5,'Data Down'!$C:$C,">="&'Summary KPI'!$E$5) -> 0 | U74: =+SUMIFS('Data Down'!$N:$N,'Data Down'!$D:$D,'Summary KPI'!B74,'Data Down'!$R:$R,'Summary KPI'!$U$7) -> 0 | V74: =+SUMIFS('Data Down'!$N:$N,'Data Down'!$D:$D,'Summary KPI'!B74,'Data Down'!$R:$R,'Summary KPI'!$V$7) -> 0 | W74: =+SUMIFS('Data Down'!$N:$N,'Data Down'!$D:$D,'Summary KPI'!B74,'Data Down'!$R:$R,'Summary KPI'!$W$7) -> 0 | X74: =+SUMIFS('Data Down'!$N:$N,'Data Down'!$D:$D,'Summary KPI'!B74,'Data Down'!$R:$R,'Summary KPI'!$X$7) -> 0 | Y74: =+SUMIFS('Data Down'!$N:$N,'Data Down'!$D:$D,'Summary KPI'!B74,'Data Down'!$R:$R,'Summary KPI'!$Y$7) -> 0 | Z74: =+SUMIFS('Data Down'!$N:$N,'Data Down'!$D:$D,'Summary KPI'!B74,'Data Down'!$R:$R,'Summary KPI'!$Z$7) -> 0 | AA74: =+SUMIFS('Data Down'!$N:$N,'Data Down'!$D:$D,'Summary KPI'!B74,'Data Down'!$R:$R,'Summary KPI'!$AA$7) -> 0 | AB74: =+SUMIFS('Data Down'!$N:$N,'Data Down'!$D:$D,'Summary KPI'!B74,'Data Down'!$R:$R,'Summary KPI'!$AB$7) -> 0 | AC74: =+SUMIFS('Data Down'!$N:$N,'Data Down'!$D:$D,'Summary KPI'!B74,'Data Down'!$R:$R,'Summary KPI'!$AC$7) -> 0 | AD74: =(L74-AQ74)/L74 -> 1 | AE74: =+IF(F74=0,0,F74/(F74+G74+J74)) -> 0.53194444 | AF74: =+IFERROR(F74/(F74+G74),0) -> 1 | AG74: =+F74/(F74+AQ74+J74) -> 0.53194444 | AH74: =IF(SUM(N74:O74)=0,F74,F74/SUM(N74:O74)) -> 383 | AI74: =+IF(O74=0,F74,F74/O74) -> 383 | AJ74: =IFERROR(AQ74/SUM(N74:O74),0) -> 0 | AK74: =IF(M74=0,0,M74/SUM(M74:O74)) -> 0 | AL74: =IF(N74+O74+P74=0,0,(N74+P74)/(N74+O74+P74)) -> 0 | AM74: =IF(O74+N74+P74=0,0,O74/(N74+O74+P74)) -> 0 | AN74: =IF(R74+S74=0,0,R74/(R74+S74)) -> 0 | AO74: =IF(R74+S74=0,0,S74/(R74+S74)) -> 0 | AQ74: =+SUM(Q74:S74) -> 0 | AR74: =+SUM(N74:O74) -> 0 | AT74: SUPPORT x 33 Unit | AV74: 0.85 | AW74: 50 | AX74: 6
A75: =+A74+1 -> 66 | B75: TL 043 | C75: =VLOOKUP(B75,Sort!B:C,2,FALSE) -> TOWER LAMP | D75: {=INDEX(HM_Unit!D:D,MATCH('Summary KPI'!B75,HM_Unit!A:A,0))} -> 18022 | E75: {=INDEX(HM_Unit!CD:CD,MATCH('Summary KPI'!B75,HM_Unit!A:A,0))} -> 18392 | F75: =E75-D75 -> 370 | G75: =SUM(R75:S75) -> 0 | H75: =Q75 -> 0 | I75: =+Z75 -> 0 | J75: =L75-F75-I75-G75-H75 -> 350 | K75: =$J$5*24 -> 720 | L75: =$H$5*24 -> 720 | M75: =SUMIFS('Data Down'!U:U,'Data Down'!D:D,'Summary KPI'!B75,'Data Down'!Q:Q,'Summary KPI'!$M$8,'Data Down'!$C:$C,"<="&'Summary KPI'!$G$5,'Data Down'!$C:$C,">="&'Summary KPI'!$E$5) -> 0 | N75: =SUMIFS('Data Down'!U:U,'Data Down'!D:D,'Summary KPI'!B75,'Data Down'!Q:Q,'Summary KPI'!$N$8,'Data Down'!$C:$C,"<="&'Summary KPI'!$G$5,'Data Down'!$C:$C,">="&'Summary KPI'!$E$5) -> 0 | O75: =SUMIFS('Data Down'!U:U,'Data Down'!D:D,'Summary KPI'!B75,'Data Down'!Q:Q,'Summary KPI'!$O$8,'Data Down'!$C:$C,"<="&'Summary KPI'!$G$5,'Data Down'!$C:$C,">="&'Summary KPI'!$E$5) -> 0 | P75: =SUMIFS('Data Down'!U:U,'Data Down'!D:D,'Summary KPI'!B75,'Data Down'!Q:Q,'Summary KPI'!$P$8,'Data Down'!$C:$C,"<="&'Summary KPI'!$G$5,'Data Down'!$C:$C,">="&'Summary KPI'!$E$5) -> 0 | Q75: =SUMIFS('Data Down'!N:N,'Data Down'!$D:$D,'Summary KPI'!$B75,'Data Down'!$Q:$Q,'Summary KPI'!$Q$8,'Data Down'!$C:$C,"<="&'Summary KPI'!$G$5,'Data Down'!$C:$C,">="&'Summary KPI'!$E$5) -> 0 | R75: =SUMIFS('Data Down'!N:N,'Data Down'!D:D,'Summary KPI'!B75,'Data Down'!Q:Q,'Summary KPI'!$R$8,'Data Down'!$C:$C,"<="&'Summary KPI'!$G$5,'Data Down'!$C:$C,">="&'Summary KPI'!$E$5) -> 0 | S75: =SUMIFS('Data Down'!N:N,'Data Down'!D:D,'Summary KPI'!B75,'Data Down'!Q:Q,'Summary KPI'!$S$8,'Data Down'!$C:$C,"<="&'Summary KPI'!$G$5,'Data Down'!$C:$C,">="&'Summary KPI'!$E$5) -> 0 | T75: =SUMIFS('Data Down'!N:N,'Data Down'!D:D,'Summary KPI'!B75,'Data Down'!Q:Q,'Summary KPI'!$T$8,'Data Down'!$C:$C,"<="&'Summary KPI'!$G$5,'Data Down'!$C:$C,">="&'Summary KPI'!$E$5) -> 0 | U75: =+SUMIFS('Data Down'!$N:$N,'Data Down'!$D:$D,'Summary KPI'!B75,'Data Down'!$R:$R,'Summary KPI'!$U$7) -> 0 | V75: =+SUMIFS('Data Down'!$N:$N,'Data Down'!$D:$D,'Summary KPI'!B75,'Data Down'!$R:$R,'Summary KPI'!$V$7) -> 0 | W75: =+SUMIFS('Data Down'!$N:$N,'Data Down'!$D:$D,'Summary KPI'!B75,'Data Down'!$R:$R,'Summary KPI'!$W$7) -> 0 | X75: =+SUMIFS('Data Down'!$N:$N,'Data Down'!$D:$D,'Summary KPI'!B75,'Data Down'!$R:$R,'Summary KPI'!$X$7) -> 0 | Y75: =+SUMIFS('Data Down'!$N:$N,'Data Down'!$D:$D,'Summary KPI'!B75,'Data Down'!$R:$R,'Summary KPI'!$Y$7) -> 0 | Z75: =+SUMIFS('Data Down'!$N:$N,'Data Down'!$D:$D,'Summary KPI'!B75,'Data Down'!$R:$R,'Summary KPI'!$Z$7) -> 0 | AA75: =+SUMIFS('Data Down'!$N:$N,'Data Down'!$D:$D,'Summary KPI'!B75,'Data Down'!$R:$R,'Summary KPI'!$AA$7) -> 0 | AB75: =+SUMIFS('Data Down'!$N:$N,'Data Down'!$D:$D,'Summary KPI'!B75,'Data Down'!$R:$R,'Summary KPI'!$AB$7) -> 0 | AC75: =+SUMIFS('Data Down'!$N:$N,'Data Down'!$D:$D,'Summary KPI'!B75,'Data Down'!$R:$R,'Summary KPI'!$AC$7) -> 0 | AD75: =(L75-AQ75)/L75 -> 1 | AE75: =+IF(F75=0,0,F75/(F75+G75+J75)) -> 0.51388889 | AF75: =+IFERROR(F75/(F75+G75),0) -> 1 | AG75: =+F75/(F75+AQ75+J75) -> 0.51388889 | AH75: =IF(SUM(N75:O75)=0,F75,F75/SUM(N75:O75)) -> 370 | AI75: =+IF(O75=0,F75,F75/O75) -> 370 | AJ75: =IFERROR(AQ75/SUM(N75:O75),0) -> 0 | AK75: =IF(M75=0,0,M75/SUM(M75:O75)) -> 0 | AL75: =IF(N75+O75+P75=0,0,(N75+P75)/(N75+O75+P75)) -> 0 | AM75: =IF(O75+N75+P75=0,0,O75/(N75+O75+P75)) -> 0 | AN75: =IF(R75+S75=0,0,R75/(R75+S75)) -> 0 | AO75: =IF(R75+S75=0,0,S75/(R75+S75)) -> 0 | AQ75: =+SUM(Q75:S75) -> 0 | AR75: =+SUM(N75:O75) -> 0 | AT75: SUPPORT x 33 Unit | AV75: 0.85 | AW75: 50 | AX75: 6
A76: =+A75+1 -> 67 | B76: TL 044 | C76: =VLOOKUP(B76,Sort!B:C,2,FALSE) -> TOWER LAMP | D76: {=INDEX(HM_Unit!D:D,MATCH('Summary KPI'!B76,HM_Unit!A:A,0))} -> 16854 | E76: {=INDEX(HM_Unit!CD:CD,MATCH('Summary KPI'!B76,HM_Unit!A:A,0))} -> 17136 | F76: =E76-D76 -> 282 | G76: =SUM(R76:S76) -> 0 | H76: =Q76 -> 0 | I76: =+Z76 -> 0 | J76: =L76-F76-I76-G76-H76 -> 438 | K76: =$J$5*24 -> 720 | L76: =$H$5*24 -> 720 | M76: =SUMIFS('Data Down'!U:U,'Data Down'!D:D,'Summary KPI'!B76,'Data Down'!Q:Q,'Summary KPI'!$M$8,'Data Down'!$C:$C,"<="&'Summary KPI'!$G$5,'Data Down'!$C:$C,">="&'Summary KPI'!$E$5) -> 0 | N76: =SUMIFS('Data Down'!U:U,'Data Down'!D:D,'Summary KPI'!B76,'Data Down'!Q:Q,'Summary KPI'!$N$8,'Data Down'!$C:$C,"<="&'Summary KPI'!$G$5,'Data Down'!$C:$C,">="&'Summary KPI'!$E$5) -> 0 | O76: =SUMIFS('Data Down'!U:U,'Data Down'!D:D,'Summary KPI'!B76,'Data Down'!Q:Q,'Summary KPI'!$O$8,'Data Down'!$C:$C,"<="&'Summary KPI'!$G$5,'Data Down'!$C:$C,">="&'Summary KPI'!$E$5) -> 0 | P76: =SUMIFS('Data Down'!U:U,'Data Down'!D:D,'Summary KPI'!B76,'Data Down'!Q:Q,'Summary KPI'!$P$8,'Data Down'!$C:$C,"<="&'Summary KPI'!$G$5,'Data Down'!$C:$C,">="&'Summary KPI'!$E$5) -> 0 | Q76: =SUMIFS('Data Down'!N:N,'Data Down'!$D:$D,'Summary KPI'!$B76,'Data Down'!$Q:$Q,'Summary KPI'!$Q$8,'Data Down'!$C:$C,"<="&'Summary KPI'!$G$5,'Data Down'!$C:$C,">="&'Summary KPI'!$E$5) -> 0 | R76: =SUMIFS('Data Down'!N:N,'Data Down'!D:D,'Summary KPI'!B76,'Data Down'!Q:Q,'Summary KPI'!$R$8,'Data Down'!$C:$C,"<="&'Summary KPI'!$G$5,'Data Down'!$C:$C,">="&'Summary KPI'!$E$5) -> 0 | S76: =SUMIFS('Data Down'!N:N,'Data Down'!D:D,'Summary KPI'!B76,'Data Down'!Q:Q,'Summary KPI'!$S$8,'Data Down'!$C:$C,"<="&'Summary KPI'!$G$5,'Data Down'!$C:$C,">="&'Summary KPI'!$E$5) -> 0 | T76: =SUMIFS('Data Down'!N:N,'Data Down'!D:D,'Summary KPI'!B76,'Data Down'!Q:Q,'Summary KPI'!$T$8,'Data Down'!$C:$C,"<="&'Summary KPI'!$G$5,'Data Down'!$C:$C,">="&'Summary KPI'!$E$5) -> 0 | U76: =+SUMIFS('Data Down'!$N:$N,'Data Down'!$D:$D,'Summary KPI'!B76,'Data Down'!$R:$R,'Summary KPI'!$U$7) -> 0 | V76: =+SUMIFS('Data Down'!$N:$N,'Data Down'!$D:$D,'Summary KPI'!B76,'Data Down'!$R:$R,'Summary KPI'!$V$7) -> 0 | W76: =+SUMIFS('Data Down'!$N:$N,'Data Down'!$D:$D,'Summary KPI'!B76,'Data Down'!$R:$R,'Summary KPI'!$W$7) -> 0 | X76: =+SUMIFS('Data Down'!$N:$N,'Data Down'!$D:$D,'Summary KPI'!B76,'Data Down'!$R:$R,'Summary KPI'!$X$7) -> 0 | Y76: =+SUMIFS('Data Down'!$N:$N,'Data Down'!$D:$D,'Summary KPI'!B76,'Data Down'!$R:$R,'Summary KPI'!$Y$7) -> 0 | Z76: =+SUMIFS('Data Down'!$N:$N,'Data Down'!$D:$D,'Summary KPI'!B76,'Data Down'!$R:$R,'Summary KPI'!$Z$7) -> 0 | AA76: =+SUMIFS('Data Down'!$N:$N,'Data Down'!$D:$D,'Summary KPI'!B76,'Data Down'!$R:$R,'Summary KPI'!$AA$7) -> 0 | AB76: =+SUMIFS('Data Down'!$N:$N,'Data Down'!$D:$D,'Summary KPI'!B76,'Data Down'!$R:$R,'Summary KPI'!$AB$7) -> 0 | AC76: =+SUMIFS('Data Down'!$N:$N,'Data Down'!$D:$D,'Summary KPI'!B76,'Data Down'!$R:$R,'Summary KPI'!$AC$7) -> 0 | AD76: =(L76-AQ76)/L76 -> 1 | AE76: =+IF(F76=0,0,F76/(F76+G76+J76)) -> 0.39166667 | AF76: =+IFERROR(F76/(F76+G76),0) -> 1 | AG76: =+F76/(F76+AQ76+J76) -> 0.39166667 | AH76: =IF(SUM(N76:O76)=0,F76,F76/SUM(N76:O76)) -> 282 | AI76: =+IF(O76=0,F76,F76/O76) -> 282 | AJ76: =IFERROR(AQ76/SUM(N76:O76),0) -> 0 | AK76: =IF(M76=0,0,M76/SUM(M76:O76)) -> 0 | AL76: =IF(N76+O76+P76=0,0,(N76+P76)/(N76+O76+P76)) -> 0 | AM76: =IF(O76+N76+P76=0,0,O76/(N76+O76+P76)) -> 0 | AN76: =IF(R76+S76=0,0,R76/(R76+S76)) -> 0 | AO76: =IF(R76+S76=0,0,S76/(R76+S76)) -> 0 | AQ76: =+SUM(Q76:S76) -> 0 | AR76: =+SUM(N76:O76) -> 0 | AT76: SUPPORT x 33 Unit | AV76: 0.85 | AW76: 50 | AX76: 6
A77: =+A76+1 -> 68 | B77: TL 045 | C77: =VLOOKUP(B77,Sort!B:C,2,FALSE) -> TOWER LAMP | D77: {=INDEX(HM_Unit!D:D,MATCH('Summary KPI'!B77,HM_Unit!A:A,0))} -> 17639 | E77: {=INDEX(HM_Unit!CD:CD,MATCH('Summary KPI'!B77,HM_Unit!A:A,0))} -> 18007 | F77: =E77-D77 -> 368 | G77: =SUM(R77:S77) -> 0 | H77: =Q77 -> 0 | I77: =+Z77 -> 0 | J77: =L77-F77-I77-G77-H77 -> 352 | K77: =$J$5*24 -> 720 | L77: =$H$5*24 -> 720 | M77: =SUMIFS('Data Down'!U:U,'Data Down'!D:D,'Summary KPI'!B77,'Data Down'!Q:Q,'Summary KPI'!$M$8,'Data Down'!$C:$C,"<="&'Summary KPI'!$G$5,'Data Down'!$C:$C,">="&'Summary KPI'!$E$5) -> 0 | N77: =SUMIFS('Data Down'!U:U,'Data Down'!D:D,'Summary KPI'!B77,'Data Down'!Q:Q,'Summary KPI'!$N$8,'Data Down'!$C:$C,"<="&'Summary KPI'!$G$5,'Data Down'!$C:$C,">="&'Summary KPI'!$E$5) -> 0 | O77: =SUMIFS('Data Down'!U:U,'Data Down'!D:D,'Summary KPI'!B77,'Data Down'!Q:Q,'Summary KPI'!$O$8,'Data Down'!$C:$C,"<="&'Summary KPI'!$G$5,'Data Down'!$C:$C,">="&'Summary KPI'!$E$5) -> 0 | P77: =SUMIFS('Data Down'!U:U,'Data Down'!D:D,'Summary KPI'!B77,'Data Down'!Q:Q,'Summary KPI'!$P$8,'Data Down'!$C:$C,"<="&'Summary KPI'!$G$5,'Data Down'!$C:$C,">="&'Summary KPI'!$E$5) -> 0 | Q77: =SUMIFS('Data Down'!N:N,'Data Down'!$D:$D,'Summary KPI'!$B77,'Data Down'!$Q:$Q,'Summary KPI'!$Q$8,'Data Down'!$C:$C,"<="&'Summary KPI'!$G$5,'Data Down'!$C:$C,">="&'Summary KPI'!$E$5) -> 0 | R77: =SUMIFS('Data Down'!N:N,'Data Down'!D:D,'Summary KPI'!B77,'Data Down'!Q:Q,'Summary KPI'!$R$8,'Data Down'!$C:$C,"<="&'Summary KPI'!$G$5,'Data Down'!$C:$C,">="&'Summary KPI'!$E$5) -> 0 | S77: =SUMIFS('Data Down'!N:N,'Data Down'!D:D,'Summary KPI'!B77,'Data Down'!Q:Q,'Summary KPI'!$S$8,'Data Down'!$C:$C,"<="&'Summary KPI'!$G$5,'Data Down'!$C:$C,">="&'Summary KPI'!$E$5) -> 0 | T77: =SUMIFS('Data Down'!N:N,'Data Down'!D:D,'Summary KPI'!B77,'Data Down'!Q:Q,'Summary KPI'!$T$8,'Data Down'!$C:$C,"<="&'Summary KPI'!$G$5,'Data Down'!$C:$C,">="&'Summary KPI'!$E$5) -> 0 | U77: =+SUMIFS('Data Down'!$N:$N,'Data Down'!$D:$D,'Summary KPI'!B77,'Data Down'!$R:$R,'Summary KPI'!$U$7) -> 0 | V77: =+SUMIFS('Data Down'!$N:$N,'Data Down'!$D:$D,'Summary KPI'!B77,'Data Down'!$R:$R,'Summary KPI'!$V$7) -> 0 | W77: =+SUMIFS('Data Down'!$N:$N,'Data Down'!$D:$D,'Summary KPI'!B77,'Data Down'!$R:$R,'Summary KPI'!$W$7) -> 0 | X77: =+SUMIFS('Data Down'!$N:$N,'Data Down'!$D:$D,'Summary KPI'!B77,'Data Down'!$R:$R,'Summary KPI'!$X$7) -> 0 | Y77: =+SUMIFS('Data Down'!$N:$N,'Data Down'!$D:$D,'Summary KPI'!B77,'Data Down'!$R:$R,'Summary KPI'!$Y$7) -> 0 | Z77: =+SUMIFS('Data Down'!$N:$N,'Data Down'!$D:$D,'Summary KPI'!B77,'Data Down'!$R:$R,'Summary KPI'!$Z$7) -> 0 | AA77: =+SUMIFS('Data Down'!$N:$N,'Data Down'!$D:$D,'Summary KPI'!B77,'Data Down'!$R:$R,'Summary KPI'!$AA$7) -> 0 | AB77: =+SUMIFS('Data Down'!$N:$N,'Data Down'!$D:$D,'Summary KPI'!B77,'Data Down'!$R:$R,'Summary KPI'!$AB$7) -> 0 | AC77: =+SUMIFS('Data Down'!$N:$N,'Data Down'!$D:$D,'Summary KPI'!B77,'Data Down'!$R:$R,'Summary KPI'!$AC$7) -> 0 | AD77: =(L77-AQ77)/L77 -> 1 | AE77: =+IF(F77=0,0,F77/(F77+G77+J77)) -> 0.51111111 | AF77: =+IFERROR(F77/(F77+G77),0) -> 1 | AG77: =+F77/(F77+AQ77+J77) -> 0.51111111 | AH77: =IF(SUM(N77:O77)=0,F77,F77/SUM(N77:O77)) -> 368 | AI77: =+IF(O77=0,F77,F77/O77) -> 368 | AJ77: =IFERROR(AQ77/SUM(N77:O77),0) -> 0 | AK77: =IF(M77=0,0,M77/SUM(M77:O77)) -> 0 | AL77: =IF(N77+O77+P77=0,0,(N77+P77)/(N77+O77+P77)) -> 0 | AM77: =IF(O77+N77+P77=0,0,O77/(N77+O77+P77)) -> 0 | AN77: =IF(R77+S77=0,0,R77/(R77+S77)) -> 0 | AO77: =IF(R77+S77=0,0,S77/(R77+S77)) -> 0 | AQ77: =+SUM(Q77:S77) -> 0 | AR77: =+SUM(N77:O77) -> 0 | AT77: SUPPORT x 33 Unit | AV77: 0.85 | AW77: 50 | AX77: 6
